Name,Artist,Album,Release Date,Popularity,Explicit,Duration (ms),Track ID,Spotify URL
Girl's Around The World - Radio Version,Lloyd,Lessons In Love,2008-01-01,52,False,229800,6fju5NbZznZRZDfP7mpZ56,https://open.spotify.com/track/6fju5NbZznZRZDfP7mpZ56
It Wasn't Me,Shaggy,The Boombastic Collection - Best of Shaggy,2008-01-01,58,False,227546,0OaunKfsxkgBvPv68jBbmm,https://open.spotify.com/track/0OaunKfsxkgBvPv68jBbmm
"Fiesta (feat. JAY-Z, Boo & Gotti) - Remix",R. Kelly,The R. In R&B Collection: Volume 1,2003-09-23,51,False,241400,77S8pBH3ilaDIPmTJkRNQn,https://open.spotify.com/track/77S8pBH3ilaDIPmTJkRNQn
Shake Ya Ass (feat. Pharrell Williams),Mystikal,Let's Get Ready,2000-09-26,62,True,256972,1jRzdY7oUBOhrylNtiMtBD,https://open.spotify.com/track/1jRzdY7oUBOhrylNtiMtBD
I Wish,Carl Thomas,Emotional,2000-04-18,58,False,228506,3lqT89gv8p3PYwXtr3ODjv,https://open.spotify.com/track/3lqT89gv8p3PYwXtr3ODjv
Ms. Jackson,Outkast,Stankonia,2000-10-31,82,True,270506,0I3q5fE6wg7LIfHGngUTnV,https://open.spotify.com/track/0I3q5fE6wg7LIfHGngUTnV
Just Be A Man About It,Toni Braxton,The Heat,2000,53,False,288933,6kD36kVRn5leDDbjXpHQY0,https://open.spotify.com/track/6kD36kVRn5leDDbjXpHQY0
Doesn't Really Matter,Janet Jackson,Number Ones,2009-01-01,0,False,296333,0NwoZGQ13M8E6bvDT0f5vv,https://open.spotify.com/track/0NwoZGQ13M8E6bvDT0f5vv
Ride Wit Me,Nelly,Country Grammar,2000-06-27,2,True,291781,06iMqWThw4w8fTFyccvOwr,https://open.spotify.com/track/06iMqWThw4w8fTFyccvOwr
Between Me & You,Ja Rule,Rule 3:36,2000-01-01,57,False,250173,4xwRtK6tfMp4yZwcDvY0gT,https://open.spotify.com/track/4xwRtK6tfMp4yZwcDvY0gT
It Doesn't Matter (feat. Dwayne Johnson & Melky Sedeck),Wyclef Jean,The Ecleftic -2 Sides II A Book,2000-08-14,27,False,237773,6ddqGDLc1OI1w6ZRkDPHdt,https://open.spotify.com/track/6ddqGDLc1OI1w6ZRkDPHdt
"So Fresh, So Clean",Outkast,Stankonia,2000-10-31,74,True,240026,6glsMWIMIxQ4BedzLqGVi4,https://open.spotify.com/track/6glsMWIMIxQ4BedzLqGVi4
Gotta Tell You,Samantha Mumba,Gotta Tell You,2000,36,False,201066,7ccz9p1ErD6Kq5ZSQmyvLm,https://open.spotify.com/track/7ccz9p1ErD6Kq5ZSQmyvLm
The 6th Sense,Common,Like Water For Chocolate,2000-01-01,41,True,318800,6OE9S6XF0U1lNfeaUNSjYl,https://open.spotify.com/track/6OE9S6XF0U1lNfeaUNSjYl
Didn't Cha Know,Erykah Badu,Mama's Gun,2000-10-31,71,False,238733,7pv80uUHfocFqfTytu1MVi,https://open.spotify.com/track/7pv80uUHfocFqfTytu1MVi
Family Affair,Mary J. Blige,No More Drama,2001-08-28,79,False,265866,3aw9iWUQ3VrPQltgwvN9Xu,https://open.spotify.com/track/3aw9iWUQ3VrPQltgwvN9Xu
U Got It Bad,USHER,8701,2001-08-07,73,False,247840,7J41dYQolQJEtj3UmKLu5r,https://open.spotify.com/track/7J41dYQolQJEtj3UmKLu5r
"Independent Women, Pt. 1",Destiny's Child,Survivor,2001-05-01,63,False,221133,69XUpOpjzDKcfdxqZebGiI,https://open.spotify.com/track/69XUpOpjzDKcfdxqZebGiI
U Remind Me,USHER,8701,2001-08-07,73,False,266893,2QsZVnbWVSjKMXK6K3uRBL,https://open.spotify.com/track/2QsZVnbWVSjKMXK6K3uRBL
Drop It Like It's Hot - Radio Edit,Snoop Dogg,Drop It Like It's Hot,2004-01-01,37,False,269480,7MJPJTtIcjtMkBftLvprJE,https://open.spotify.com/track/7MJPJTtIcjtMkBftLvprJE
All Falls Down - Album Version (Edited),Kanye West,The College Dropout (Edited),2004-01-01,0,False,223640,3MHON98XnqKWRodG0OdWE1,https://open.spotify.com/track/3MHON98XnqKWRodG0OdWE1
Overnight Celebrity (feat. Miri Ben-Ari),Twista,Kamikaze,2004-01-27,69,False,233360,2tOZtdbkAMQASWokLvSlzj,https://open.spotify.com/track/2tOZtdbkAMQASWokLvSlzj
Confessions Part II,USHER,Confessions (Expanded Edition),2004-03-23,71,False,211200,7wBThXx7BGZHJJ3aN3OPvv,https://open.spotify.com/track/7wBThXx7BGZHJJ3aN3OPvv
My Boo,USHER,Confessions (Expanded Edition),2004-03-23,80,False,223440,68vgtRHr7iZHpzGpon6Jlo,https://open.spotify.com/track/68vgtRHr7iZHpzGpon6Jlo
Locked Up,Akon,Trouble,2006-01-01,41,False,235333,07m6LTGN2hYT8EpZIi5Qzl,https://open.spotify.com/track/07m6LTGN2hYT8EpZIi5Qzl
Slow Jamz (feat. Kanye West & Jamie Foxx),Twista,Slow Jamz,2003-10-28,27,False,212346,17Kh3I18Pl2QFzT1B0rYvQ,https://open.spotify.com/track/17Kh3I18Pl2QFzT1B0rYvQ
Jesus Walks - Album Version (Edited),Kanye West,The College Dropout (Edited),2004-01-01,0,False,193733,4S0pfAGlDaE9wGof9PQNsW,https://open.spotify.com/track/4S0pfAGlDaE9wGof9PQNsW
Goodies (feat. Petey Pablo),Ciara,Goodies,2004-09-27,68,False,223000,3dFwpxh2yH7C7p9BGEKLVB,https://open.spotify.com/track/3dFwpxh2yH7C7p9BGEKLVB
Yeah! (feat. Lil Jon & Ludacris),USHER,Confessions (Expanded Edition),2004-03-23,84,False,250373,5rb9QrpfcKFHM1EUbSIurX,https://open.spotify.com/track/5rb9QrpfcKFHM1EUbSIurX
Go DJ - Album Version (Edited),Lil Wayne,Tha Carter,2004-01-01,39,False,281826,6iEvECKDbtcbfbTLNoQGe1,https://open.spotify.com/track/6iEvECKDbtcbfbTLNoQGe1
My Band,D12,D-12 World,2004-01-01,38,False,298960,1pBEKGKQpHwKS0WTs9E9IM,https://open.spotify.com/track/1pBEKGKQpHwKS0WTs9E9IM
Through The Wire - Album Version (Edited),Kanye West,The College Dropout (Edited),2004-01-01,0,False,221226,5BScaisQTLLatYcO0gThNt,https://open.spotify.com/track/5BScaisQTLLatYcO0gThNt
My Place - Album Version (Edited),Nelly,Sweatsuit,2005-11-25,0,False,336760,1CgCFwJImuwq6ez68fNfqm,https://open.spotify.com/track/1CgCFwJImuwq6ez68fNfqm
Rich Girl,Gwen Stefani,Love Angel Music Baby,2004-10-27,0,False,236213,39qcvV4f0uqDMHxIkSb7tE,https://open.spotify.com/track/39qcvV4f0uqDMHxIkSb7tE
Soldier (feat. T.I. & Lil' Wayne),Destiny's Child,Destiny Fulfilled,2004-11-16,61,False,325573,4FTOpNYcGxnQdGNWSxIcio,https://open.spotify.com/track/4FTOpNYcGxnQdGNWSxIcio
Only U - No Intro,Ashanti,Concrete Rose,2004-01-01,62,False,186306,3sckKKIx96cjPXtiqPHCTB,https://open.spotify.com/track/3sckKKIx96cjPXtiqPHCTB
I Want You,Janet Jackson,Damita Jo,2004-01-01,41,False,252773,0asiXYLtkLysGJTFdYs0My,https://open.spotify.com/track/0asiXYLtkLysGJTFdYs0My
Burn,USHER,Confessions (Expanded Edition),2004-03-23,74,False,231933,7z3N2W7Xz1t2G2sAO8wFVH,https://open.spotify.com/track/7z3N2W7Xz1t2G2sAO8wFVH
Some Cut (feat. Cutty),Trillville,The Crunk Recordings: Hits From The Pioneers And Players Of Crunk,2009-06-16,45,True,283386,71mDjdeVK9sqXmamMHaAfX,https://open.spotify.com/track/71mDjdeVK9sqXmamMHaAfX
U Make Me Wanna - Album Version (Edited),Jadakiss,Kiss Of Death,2004-01-01,27,False,295466,1Cln20RNZRRd3l6KZCQOct,https://open.spotify.com/track/1Cln20RNZRRd3l6KZCQOct
Balla Baby - Radio Edit,Chingy,PowerBallin',2004-01-01,49,False,215906,6HFXjB2fvQUBuE3B5kmvfW,https://open.spotify.com/track/6HFXjB2fvQUBuE3B5kmvfW
Breathe,Fabolous,Real Talk,2004-10-11,34,False,269026,503dZSjOaSiYxAvYjj0yQ1,https://open.spotify.com/track/503dZSjOaSiYxAvYjj0yQ1
I Can't Wait - Album Version (Edited),Sleepy Brown,Barbershop 2 (Back In Business),2004-01-01,0,False,272893,2biaEsOaCmHllLr9xQBtJy,https://open.spotify.com/track/2biaEsOaCmHllLr9xQBtJy
She Wants To Move,N.E.R.D,Fly Or Die,2004-01-01,56,False,213786,4Vqd7MuPVrciqRS3EzhKWb,https://open.spotify.com/track/4Vqd7MuPVrciqRS3EzhKWb
Caught Up,USHER,Confessions (Expanded Edition),2004-03-23,65,False,224640,5zdUc1JRCImBYcDWgvFNpE,https://open.spotify.com/track/5zdUc1JRCImBYcDWgvFNpE
I Wanna Thank Ya - Without Rap,Angie Stone,Stone Love,2004-06-24,26,False,193733,6GdGFXcbF2HcKHvAxmWaI4,https://open.spotify.com/track/6GdGFXcbF2HcKHvAxmWaI4
Who Is She 2 U - Recall Version,Brandy,Afrodisiac,2004,40,False,283280,5jSAfX8SJVD5uzFyLlTVwo,https://open.spotify.com/track/5jSAfX8SJVD5uzFyLlTVwo
Read Your Mind,Avant,Private Room,2003-01-01,56,False,263506,6cR1U61DMpYbS2TtNTlSvo,https://open.spotify.com/track/6cR1U61DMpYbS2TtNTlSvo
Can't Let You Go (feat. Mike Shorey & Lil' Mo),Fabolous,Street Dreams,2003-01-14,40,False,222506,7HTI8XgkwHpq2Imw6kU6RE,https://open.spotify.com/track/7HTI8XgkwHpq2Imw6kU6RE
21 Questions,50 Cent,Best Of 50 Cent,2017-03-31,30,False,224200,6t22B6AkDKzc855JzQJPfh,https://open.spotify.com/track/6t22B6AkDKzc855JzQJPfh
So Gone,Monica,After The Storm,2003,62,False,242773,6BIcjFZIVDZxNAcofRFPx4,https://open.spotify.com/track/6BIcjFZIVDZxNAcofRFPx4
No Letting Go,Wayne Wonder,No Holding Back,2003,65,False,202013,5dWfl2PBpKHpBVdz95wxK1,https://open.spotify.com/track/5dWfl2PBpKHpBVdz95wxK1
Baby Boy (feat. Sean Paul),Beyoncé,Dangerously In Love,2003-06-24,69,False,244826,4WY3HyGXsWqjFRCVD6gnTe,https://open.spotify.com/track/4WY3HyGXsWqjFRCVD6gnTe
Magic Stick,Lil' Kim,La Bella Mafia,2003-03-03,46,False,334773,4SVLlDIeY6w5axpMVhy0qH,https://open.spotify.com/track/4SVLlDIeY6w5axpMVhy0qH
The Way You Move - Radio Mix,Outkast,Speakerboxxx/The Love Below,2003-09-23,0,False,233960,4PlSrDUJLEPdmp286lRmx2,https://open.spotify.com/track/4PlSrDUJLEPdmp286lRmx2
My Love Is Like...Wo,Mýa,Moodring,2003-01-01,50,False,209490,3Gamc2D6VSlXpUcmhPUFYt,https://open.spotify.com/track/3Gamc2D6VSlXpUcmhPUFYt
The Jump Off,Lil' Kim,La Bella Mafia,2003-03-03,36,False,234173,1fzT0hWdE1eY9Wb4pEqtgY,https://open.spotify.com/track/1fzT0hWdE1eY9Wb4pEqtgY
Clubbin' (feat. Joe Budden and Pied Piper),Marques Houston,Marques Houston,2003-10-21,41,False,244226,1UmI1kV6HpC56GtcMtV22b,https://open.spotify.com/track/1UmI1kV6HpC56GtcMtV22b
Hey Ya!,Outkast,Speakerboxxx/The Love Below,2003,82,True,235213,2PpruBYCo4H7WOBJ7Q2EwM,https://open.spotify.com/track/2PpruBYCo4H7WOBJ7Q2EwM
Right Thurr,Chingy,Jackpot,2003-01-01,0,False,250666,2YXY0uVfVXn15oOVZDji80,https://open.spotify.com/track/2YXY0uVfVXn15oOVZDji80
Never Scared (feat. Killer Mike & T.I.) - Club Mix,Bone Crusher,AttenCHUN!,2003-04-15,55,True,316133,4kmIO0yPq92dXtKCL28RfC,https://open.spotify.com/track/4kmIO0yPq92dXtKCL28RfC
Stunt 101,G-Unit,Stunt 101,2003-01-01,0,False,232880,5uHVTRcdV3iTRVHD1D12ir,https://open.spotify.com/track/5uHVTRcdV3iTRVHD1D12ir
Act A Fool,Ludacris,2 Fast 2 Furious (Soundtrack),2003-05-27,62,True,270733,28mv40MzspRZn0PBcO2itT,https://open.spotify.com/track/28mv40MzspRZn0PBcO2itT
Holidae In,Chingy,Jackpot,2003-01-01,0,False,314413,3D4ujK4uinSZCDwoIYXhKK,https://open.spotify.com/track/3D4ujK4uinSZCDwoIYXhKK
4Ever (feat. Fabolous),Lil' Mo,4 Ever (feat. Fabolous),2003-02-11,49,False,222946,6ubNZ5edKBKH3MQKatUY3S,https://open.spotify.com/track/6ubNZ5edKBKH3MQKatUY3S
Badaboom (feat. Fabolous),B2K,"B2K Presents ""You Got Served"" Soundtrack",2000,45,False,221066,2ZSp1BC7agz2TkgSATdi9U,https://open.spotify.com/track/2ZSp1BC7agz2TkgSATdi9U
"Ooh Wee (feat. Ghostface Killah, Nate Dogg, Trife & Saigon)",Mark Ronson,Here Comes The Fuzz,2003-08-29,15,False,209626,1UYSvddXWHpMuhZiujyLo9,https://open.spotify.com/track/1UYSvddXWHpMuhZiujyLo9
I Want You,Thalia,Thalia,2003-01-01,54,False,226026,1HCPjfa02m5JwcO37LHfYb,https://open.spotify.com/track/1HCPjfa02m5JwcO37LHfYb
One Call Away,Chingy,Jackpot,2003-01-01,64,False,276800,0UNTBB02C1aB55Fu4H63qd,https://open.spotify.com/track/0UNTBB02C1aB55Fu4H63qd
We Belong Together,Mariah Carey,The Emancipation of Mimi,2005-04-12,71,False,201400,3LmvfNUQtglbTrydsdIqFU,https://open.spotify.com/track/3LmvfNUQtglbTrydsdIqFU
Be Without You - Kendu Mix,Mary J. Blige,The Breakthrough,2005-01-01,0,False,246333,2YegxR5As7BeQuVp2U6pek,https://open.spotify.com/track/2YegxR5As7BeQuVp2U6pek
1 Thing,Amerie,Playlist: The Very Best Of Amerie,2008,50,False,238746,6ZyNjT2hYvfV5PuW84dp1E,https://open.spotify.com/track/6ZyNjT2hYvfV5PuW84dp1E
Let Me Hold You (feat. Omarion),Bow Wow,Playlist: The Very Best Of Bow Wow,2010-07-27,40,False,247453,666NLsbWOUP3Lo0Ji5U0FS,https://open.spotify.com/track/666NLsbWOUP3Lo0Ji5U0FS
Gold Digger,Kanye West,Late Registration,2005-08-30,53,False,207626,43PBE5b3RJgwfi1i9xKtEs,https://open.spotify.com/track/43PBE5b3RJgwfi1i9xKtEs
Hate It Or Love It,The Game,The Documentary,2004-01-01,45,False,206440,04GRz5WkRVmPSGuZFJnuma,https://open.spotify.com/track/04GRz5WkRVmPSGuZFJnuma
Candy Shop,50 Cent,The Massacre,2005-03-03,41,False,208973,1Fb0tZ4jWZC9qCnJtVBxgO,https://open.spotify.com/track/1Fb0tZ4jWZC9qCnJtVBxgO
Like You (feat. Ciara),Bow Wow,Wanted,2005,68,False,205840,3jEqrIfwKO0M8ALu3TGilF,https://open.spotify.com/track/3jEqrIfwKO0M8ALu3TGilF
Shake It Off,Mariah Carey,The Emancipation of Mimi,2005-04-12,62,False,232840,4VKnkoNNM6yTb4cXXX3wqD,https://open.spotify.com/track/4VKnkoNNM6yTb4cXXX3wqD
I'm Sprung,T-Pain,Rappa Ternt Sanga,2005,0,False,231040,0F7rEdewJ6cSLylOZZpDu7,https://open.spotify.com/track/0F7rEdewJ6cSLylOZZpDu7
Girlfight - radio edit feat. Big Boi & Lil Jon,Brooke Valentine,Girlfight,2004-01-01,34,False,216800,5pMIsEpL9lx3tACSkxYh1A,https://open.spotify.com/track/5pMIsEpL9lx3tACSkxYh1A
Get It Poppin' (feat. Nelly) - Radio Version,Fat Joe,Get It Poppin' (feat. Nelly) [Radio Version],2005-04-26,36,False,211320,3zdDxhDo5SycC7XSAPfdjv,https://open.spotify.com/track/3zdDxhDo5SycC7XSAPfdjv
Diamonds From Sierra Leone - Remix feat. Jay-Z,Kanye West,Diamonds From Sierra Leone Remix,2005-01-01,26,False,214200,290DH5BclWLihECLilse0o,https://open.spotify.com/track/290DH5BclWLihECLilse0o
Oh (feat. Ludacris),Ciara,Goodies,2004-09-27,66,False,256346,7i7UIbm5E0DD7aSOYvwp2v,https://open.spotify.com/track/7i7UIbm5E0DD7aSOYvwp2v
Back Then,Mike Jones,Who Is Mike Jones?,2005-04-19,43,False,245013,6e5kjwABBy57SPFnGocfRH,https://open.spotify.com/track/6e5kjwABBy57SPFnGocfRH
All Because of You,Marques Houston,Naked,2005-05-05,0,False,212013,43PXNweF6u0LS9N6czAY0M,https://open.spotify.com/track/43PXNweF6u0LS9N6czAY0M
Heard 'Em Say,Kanye West,Late Registration,2005-08-30,38,False,203733,2cDpmdTWch4yBrTyl5Qmca,https://open.spotify.com/track/2cDpmdTWch4yBrTyl5Qmca
Don't Cha,The Pussycat Dolls,PCD,2005-01-01,68,False,272080,1gZ7i4qxXkHZb1r6eioaAP,https://open.spotify.com/track/1gZ7i4qxXkHZb1r6eioaAP
Gotta Make It (feat. Twista),Trey Songz,I Gotta Make It,2005-07-26,45,False,243279,4xONUhRpKk1UIBsCSdviQo,https://open.spotify.com/track/4xONUhRpKk1UIBsCSdviQo
Lighters Up,Lil' Kim,Lighters Up,2005-08-30,20,False,244800,61w9bVrJ9RMLcvFRJOnqQu,https://open.spotify.com/track/61w9bVrJ9RMLcvFRJOnqQu
Touch The Sky,Kanye West,Late Registration,2005-08-30,74,True,236600,2dxjKgT0li4qBI3QwuN9Ih,https://open.spotify.com/track/2dxjKgT0li4qBI3QwuN9Ih
Grillz,Nelly,Sweatsuit,2005-11-25,0,False,271160,6VUmPW4P9jz0JIXVHX7Rfp,https://open.spotify.com/track/6VUmPW4P9jz0JIXVHX7Rfp
"Touch It - Remix/Featuring Mary J. Blige, Rah Digga, Missy Elliot, Lloyd Banks, Papoose & DMX (Edited)",Busta Rhymes,Touch It Remixes,2005-01-01,44,False,240146,7HiUa9Gkk3QddHWT4jKiXd,https://open.spotify.com/track/7HiUa9Gkk3QddHWT4jKiXd
SexyBack (feat. Timbaland),Justin Timberlake,FutureSex/LoveSounds Deluxe Edition,2006-09-13,61,False,242800,4Lvc9SbPc0svm9TEoMgFzB,https://open.spotify.com/track/4Lvc9SbPc0svm9TEoMgFzB
So What,Field Mob,Light Poles And Pine Trees,2006-01-01,33,False,215760,3Qz8njv1D4lC4AxLw1LYhz,https://open.spotify.com/track/3Qz8njv1D4lC4AxLw1LYhz
Temperature,Sean Paul,The Trinity,2005-09-27,82,False,216320,0k2GOhqsrxDTAbFFSdNJjT,https://open.spotify.com/track/0k2GOhqsrxDTAbFFSdNJjT
Unfaithful,Rihanna,A Girl Like Me,2006-04-10,72,False,226973,13xxBnXOuiBxVxJI458B0i,https://open.spotify.com/track/13xxBnXOuiBxVxJI458B0i
Lost Without U,Robin Thicke,The Evolution of Robin Thicke,2006-01-01,63,False,254146,4V2F0DZrAXOWq9hkwMMG3x,https://open.spotify.com/track/4V2F0DZrAXOWq9hkwMMG3x
"I Know You See It (feat. Brandy ""Ms. B"" Hambrick)",Yung Joc,New Joc City,2006-06-06,25,False,241320,5QUvrg3gdR2dO6qzcJgGrc,https://open.spotify.com/track/5QUvrg3gdR2dO6qzcJgGrc
Do It To It,Cherish,Unappreciated,2006-01-01,64,False,226293,6MBEjJlXQYXr8dfxDvZuoA,https://open.spotify.com/track/6MBEjJlXQYXr8dfxDvZuoA
(When You Gonna) Give It Up to Me (feat. Keyshia Cole) - Radio Version,Sean Paul,Only Hits,2006-11-07,61,False,243880,6k8uthjEbttfWXcGaNTQGD,https://open.spotify.com/track/6k8uthjEbttfWXcGaNTQGD
I Call It Love,Lionel Richie,Coming Home,2006-01-01,0,False,198293,2iO6rOzGHscN0GPetFUnAx,https://open.spotify.com/track/2iO6rOzGHscN0GPetFUnAx
My Love,Justin Timberlake,FutureSex/LoveSounds,2006-09-12,0,False,276160,13X42np3KJr0o2LkK1MG76,https://open.spotify.com/track/13X42np3KJr0o2LkK1MG76
Ice Box,Omarion,21,2006-12-26,59,False,256426,5qhlC4Rzals34zxovrPzKp,https://open.spotify.com/track/5qhlC4Rzals34zxovrPzKp
Call On Me,Janet Jackson,20 Y.O.,2006-01-01,59,False,204266,1G32fy7VMCDLl92iGXvBEm,https://open.spotify.com/track/1G32fy7VMCDLl92iGXvBEm
Stuntin' Like My Daddy - Radio Edit,Birdman,Like Father Like Son,2006-01-01,34,False,267293,2tM4MXXNUnoW4qC6Cc8Z34,https://open.spotify.com/track/2tM4MXXNUnoW4qC6Cc8Z34
Hustlin' - (Remix) Album Version (Edited),Rick Ross,Port Of Miami,2006-01-01,25,False,284373,79XikIPONudg6yvFBWLMTw,https://open.spotify.com/track/79XikIPONudg6yvFBWLMTw
Everytime Tha Beat Drop (feat. Dem Franchize Boyz),Monica,The Makings Of Me,2006-01-11,49,True,223293,1ydffhoWtTxKDrc5zi7p0M,https://open.spotify.com/track/1ydffhoWtTxKDrc5zi7p0M
Walk It Out,Unk,Total Club Hits,2008-04-15,0,False,154106,0fl6bGMxC5IzSvwYNHYkQj,https://open.spotify.com/track/0fl6bGMxC5IzSvwYNHYkQj
What Goes Around.../...Comes Around (Interlude),Justin Timberlake,FutureSex/LoveSounds,2006-09-12,0,False,448573,76D83dghHeE2NFedPFD4tf,https://open.spotify.com/track/76D83dghHeE2NFedPFD4tf
Make It Rain,Fat Joe,"Me, Myself & I",2006-11-14,0,True,247413,1Ji8DhJGIQuV9kBiTgcChh,https://open.spotify.com/track/1Ji8DhJGIQuV9kBiTgcChh
Need A Boss,Shareefa,Need A Boss (Edited Version),2006-01-01,28,False,234813,684c3GEBYgNYtlrCkWGFVw,https://open.spotify.com/track/684c3GEBYgNYtlrCkWGFVw
Unappreciated,Cherish,Unappreciated,2006-01-01,56,False,235333,5ZelMPn7vupvsTToUTvcbF,https://open.spotify.com/track/5ZelMPn7vupvsTToUTvcbF
I Love My B****,Busta Rhymes,The Big Bang,2006-01-01,23,False,227666,7tqb60RgdOFTptWn5ZJLoq,https://open.spotify.com/track/7tqb60RgdOFTptWn5ZJLoq
"Too Little, Too Late - Radio Version",JoJo,"Too Little, Too Late",2006-09-12,0,False,221573,7oUMJhQp5Bqu6HqxSZs02v,https://open.spotify.com/track/7oUMJhQp5Bqu6HqxSZs02v
Fresh Azimiz (feat. J-Kwon & Jermaine Dupri),Bow Wow,Playlist: The Very Best Of Bow Wow,2010-07-27,26,False,270146,7DYjzYtHHQExgtzgY04ZDc,https://open.spotify.com/track/7DYjzYtHHQExgtzgY04ZDc
What's Left Of Me,Nick Lachey,What's Left Of Me,2006-01-01,44,False,244666,1bPqAXwNiVcM6zjJU1Z4Cd,https://open.spotify.com/track/1bPqAXwNiVcM6zjJU1Z4Cd
Upgrade U (feat. JAY-Z),Beyoncé,B'Day,2006-09-04,58,False,272706,6V1nOgkrGmr6Wx1x4RQ6Bc,https://open.spotify.com/track/6V1nOgkrGmr6Wx1x4RQ6Bc
Dani California,Red Hot Chili Peppers,Stadium Arcadium,2006-05-09,79,False,282160,10Nmj3JCNoMeBQ87uw5j8k,https://open.spotify.com/track/10Nmj3JCNoMeBQ87uw5j8k
Ain't No Other Man,Christina Aguilera,Back To Basics,2006-08-14,61,False,228906,7huo2wvrCgRucUsjdSDLQV,https://open.spotify.com/track/7huo2wvrCgRucUsjdSDLQV
Buy U a Drank (Shawty Snappin') (feat. Yung Joc),T-Pain,Epiphany,2007-06-05,2,False,227960,2aIdVb8v9KTpEZnftkz2mD,https://open.spotify.com/track/2aIdVb8v9KTpEZnftkz2mD
Umbrella,Rihanna,Good Girl Gone Bad: Reloaded,2008-06-02,83,False,275986,49FYlytm3dAAraYgpoJZux,https://open.spotify.com/track/49FYlytm3dAAraYgpoJZux
Just Fine,Mary J. Blige,Growing Pains,2007-01-01,62,False,242133,33vzOPcd9FRirYGlCu32x4,https://open.spotify.com/track/33vzOPcd9FRirYGlCu32x4
Can't Help but Wait,Trey Songz,Trey Day,2007-10-01,67,False,206413,5k3VjTwIsOjQ2woGz3Yx71,https://open.spotify.com/track/5k3VjTwIsOjQ2woGz3Yx71
Beautiful Girls,Sean Kingston,Beautiful Girls,2007-07-23,79,False,225373,1hGy2eLcmC8eKx7qr1tOqx,https://open.spotify.com/track/1hGy2eLcmC8eKx7qr1tOqx
Shawty (feat. T-Pain),Plies,The Real Testament,2007-08-07,36,False,255413,6RlehUBvagbFzhADlLh5W3,https://open.spotify.com/track/6RlehUBvagbFzhADlLh5W3
Shawty Is Da Sh*! - Album Version Edited,The-Dream,Love/Hate,2007-01-01,31,False,262760,5wzxzjEwfITwFSOve1usTV,https://open.spotify.com/track/5wzxzjEwfITwFSOve1usTV
I'm a Flirt Remix (feat. T.I. & T-Pain),R. Kelly,The Essential R. Kelly,2014-05-19,60,True,330600,6w1DBbA8akxHPiBQ6nAyJq,https://open.spotify.com/track/6w1DBbA8akxHPiBQ6nAyJq
Stronger,Kanye West,Graduation,2007-09-11,0,False,312026,62dfjIOvQXX7XGj9Zc6UkO,https://open.spotify.com/track/62dfjIOvQXX7XGj9Zc6UkO
My Drink N' My 2 Step (feat. Swizz Beatz) - Radio Edit,Cassidy,My Drink N' My 2 Step (feat. Swizz Beatz) [Radio Edit],2007-09-11,21,False,194013,1ksleezIr9hz61v7TFNYE1,https://open.spotify.com/track/1ksleezIr9hz61v7TFNYE1
Get It Shawty,Lloyd,Street Love,2007-01-01,67,False,209533,2a03afRiyAbNAleOByVju4,https://open.spotify.com/track/2a03afRiyAbNAleOByVju4
Same Girl (with Usher),R. Kelly,Double Up,2007-05-25,62,True,252933,6OSmeoh8kXhCfz9WqvzDoJ,https://open.spotify.com/track/6OSmeoh8kXhCfz9WqvzDoJ
A Bay Bay - Single Version,Hurricane Chris,A Bay Bay,2007-06-19,0,False,257120,6MnFB3qurhmGs1xdjrz5Bg,https://open.spotify.com/track/6MnFB3qurhmGs1xdjrz5Bg
Good Life,Kanye West,Graduation,2007-09-11,0,False,206840,4ywqxtS81WFQR1Hv07nWxx,https://open.spotify.com/track/4ywqxtS81WFQR1Hv07nWxx
Let It Go,Keyshia Cole,Just Like You,2007-01-01,66,False,238333,2RqZFOLOnzVmHUX7ZMcaES,https://open.spotify.com/track/2RqZFOLOnzVmHUX7ZMcaES
Apologize,Timbaland,Shock Value,2007-04-02,73,False,184400,6ucR4KfvsBFWCMVFDvyKKl,https://open.spotify.com/track/6ucR4KfvsBFWCMVFDvyKKl
Flashing Lights,Kanye West,Graduation,2007-09-11,0,False,237440,3VeDFLfsE4VDX81a0UxJy2,https://open.spotify.com/track/3VeDFLfsE4VDX81a0UxJy2
Bartender (feat. Akon),T-Pain,Epiphany,2007-06-05,0,False,238800,03ErxNvdyiGmN1x4vaNDY2,https://open.spotify.com/track/03ErxNvdyiGmN1x4vaNDY2
The Way I Are,Timbaland,Shock Value,2007-01-01,83,False,179120,2bLqfJjuC5syrsgDsZfGmn,https://open.spotify.com/track/2bLqfJjuC5syrsgDsZfGmn
Like This (feat. Eve),Kelly Rowland,Ms. Kelly,2007-06-22,52,False,215853,3sfydNh0QQAdnIAtDVG16H,https://open.spotify.com/track/3sfydNh0QQAdnIAtDVG16H
Shortie Like Mine (feat. Chris Brown & Johntá Austin),Bow Wow,Playlist: The Very Best Of Bow Wow,2010-07-27,45,False,267506,4F55RCGuM477OjznpYGhYz,https://open.spotify.com/track/4F55RCGuM477OjznpYGhYz
Cupid Shuffle,Cupid,Time for a Change,2007-09-11,64,False,231360,07Tx168RSsUS1HqkDIOZbH,https://open.spotify.com/track/07Tx168RSsUS1HqkDIOZbH
Give It To Me,Timbaland,Shock Value,2007-04-02,76,True,234026,0wbDgMuAoy7O7pL3a69uZx,https://open.spotify.com/track/0wbDgMuAoy7O7pL3a69uZx
Hypnotized,Plies,Total Club Hits,2008-04-15,0,False,161760,6fXzclKMWcYFIvRPREufPf,https://open.spotify.com/track/6fXzclKMWcYFIvRPREufPf
Ridin',Mýa,Ridin,2007-01-01,27,False,219533,1owfkvvz2y06vPlzmU6CYJ,https://open.spotify.com/track/1owfkvvz2y06vPlzmU6CYJ
Don't Stop The Music,Rihanna,Good Girl Gone Bad: Reloaded,2008-06-02,84,False,267080,0ByMNEPAPpOR5H69DVrTNy,https://open.spotify.com/track/0ByMNEPAPpOR5H69DVrTNy
Hate On Me,Jill Scott,"The Real Thing - Words & Sounds, Vol. 3",2007-09-25,36,False,209013,43xsmeThrcOkbjrvQvZB6o,https://open.spotify.com/track/43xsmeThrcOkbjrvQvZB6o
Do You,Ne-Yo,Because Of You,2007-01-01,60,False,228266,0JKjqJLo145b1mqA6MnhIl,https://open.spotify.com/track/0JKjqJLo145b1mqA6MnhIl
If I Was Your Man,Joe,Ain't Nothin' Like Me,2007-04-24,54,False,232533,5PH2eU6P5LdnwDezBu8334,https://open.spotify.com/track/5PH2eU6P5LdnwDezBu8334
teachme,Musiq Soulchild,Luvanmusiq,2007-03-13,56,False,260773,0ODFPypnJLE6hKgahiuSzn,https://open.spotify.com/track/0ODFPypnJLE6hKgahiuSzn
Suffocate - Superclean,J. Holiday,Back Of My Lac',2007-01-01,57,False,220053,3nJjIYchBNkYm7B8XfJf5N,https://open.spotify.com/track/3nJjIYchBNkYm7B8XfJf5N
Like You'll Never See Me Again,Alicia Keys,As I Am,2007-11-09,0,False,315360,0NWJPV3utX0J4tfwzyotNB,https://open.spotify.com/track/0NWJPV3utX0J4tfwzyotNB
Music For Love,Mario,Go,2007-12-05,0,False,229600,5z1S4V0gkPwmpYCRgrAWZN,https://open.spotify.com/track/5z1S4V0gkPwmpYCRgrAWZN
Last Time,Trey Songz,Trey Day,2007-10-01,47,False,261706,6UBqk9rh6e2Rj7LLzDjn6R,https://open.spotify.com/track/6UBqk9rh6e2Rj7LLzDjn6R
Girlfriend,Bow Wow,Girlfriend,2007-11-06,30,False,288306,4P4kKLdS854BsDIEr3CWvt,https://open.spotify.com/track/4P4kKLdS854BsDIEr3CWvt
Miss Independent,Ne-Yo,Year Of The Gentleman (Bonus Track Edition),2008-01-01,79,False,232000,34ceTg8ChN5HjrqiIYCn9Q,https://open.spotify.com/track/34ceTg8ChN5HjrqiIYCn9Q
A Milli - Album Version (Edited),Lil Wayne,Tha Carter III,2008-01-01,50,False,221840,1LDwUN1jMnTK7vCZBFoTYe,https://open.spotify.com/track/1LDwUN1jMnTK7vCZBFoTYe
Love In This Club (feat. Young Jeezy),USHER,Love In This Club,2008-02-22,38,False,261546,6IxgSqNIsjp3n2lrnRRhUX,https://open.spotify.com/track/6IxgSqNIsjp3n2lrnRRhUX
Lollipop - Album Version (Edited),Lil Wayne,Tha Carter III,2008-01-01,45,False,247466,4T90fwS4tw1Qlxige4a9mK,https://open.spotify.com/track/4T90fwS4tw1Qlxige4a9mK
Can't Believe It (feat. Lil' Wayne),T-Pain,Can't Believe It (feat. Lil' Wayne),2008-07-28,0,False,275933,6m1sJMWeAkCG5eECKaGFew,https://open.spotify.com/track/6m1sJMWeAkCG5eECKaGFew
Touch My Body,Mariah Carey,E=MC²,2008-01-01,0,False,204733,2H1l4JczUDbiWfQtQElB05,https://open.spotify.com/track/2H1l4JczUDbiWfQtQElB05
Get Like Me - Album Version (Edited),David Banner,The Greatest Story Ever Told,2008,36,False,224546,3rL9UanIqye9AtA7jB7sdz,https://open.spotify.com/track/3rL9UanIqye9AtA7jB7sdz
"Bust It Baby, Pt. 2 (feat. Ne-Yo)",Plies,Definition of Real,2008-06-10,37,False,240760,62tv85Or4plD42gaScqF3u,https://open.spotify.com/track/62tv85Or4plD42gaScqF3u
Got Money - Album Version (Edited),Lil Wayne,Tha Carter III,2008-01-01,34,False,244600,4VQpbj8rkX6zVaNPZQlaxs,https://open.spotify.com/track/4VQpbj8rkX6zVaNPZQlaxs
She Got It - Album Version (Edited),2 Pistols,Death Before Dishonor,2008-01-01,20,False,274053,1FUKMsBSuJ5Bu6qlooIXmb,https://open.spotify.com/track/1FUKMsBSuJ5Bu6qlooIXmb
Put On - Album Version (Edited),Jeezy,The Recession,2008-01-01,0,False,321360,0gbqsf1xeaIoG7s8yNb6gs,https://open.spotify.com/track/0gbqsf1xeaIoG7s8yNb6gs
Here I Am - Album Version (Edited),Rick Ross,Trilla,2008-01-01,0,False,209546,2veAjMS3fbCnQad21buZcf,https://open.spotify.com/track/2veAjMS3fbCnQad21buZcf
Mrs. Officer - Album Version (Edited),Lil Wayne,Tha Carter III,2008-01-01,42,False,287200,7dTWoWDSc1gQA0BpJXKBBQ,https://open.spotify.com/track/7dTWoWDSc1gQA0BpJXKBBQ
Bye Bye - So So Def Remix (Edited),Mariah Carey,Bye Bye [So So Def Remix featuring JAY-Z (Edited)],2008-01-01,4,False,233613,7pkQXGVToLzRSBjbx5t0Ex,https://open.spotify.com/track/7pkQXGVToLzRSBjbx5t0Ex
Spotlight,Jennifer Hudson,Jennifer Hudson,2008-09-30,55,False,250106,02QQXgeAghpU4smdM7l7We,https://open.spotify.com/track/02QQXgeAghpU4smdM7l7We
Sensual Seduction,Snoop Dogg,Sensual Seduction,2007-01-01,54,False,245520,1wva1IlWLDNLgwipUWcmjy,https://open.spotify.com/track/1wva1IlWLDNLgwipUWcmjy
Please Excuse My Hands (feat. Jamie Foxx & The-Dream),Plies,Definition of Real,2008-06-10,44,True,264440,4HF6gIWAAmdDjzU59Ohd1I,https://open.spotify.com/track/4HF6gIWAAmdDjzU59Ohd1I
The Way That I Love You,Ashanti,The Declaration,2008-01-01,47,False,267680,7LFcepuZqkpghbKnslItnx,https://open.spotify.com/track/7LFcepuZqkpghbKnslItnx
Green Light (feat. André 3000),John Legend,Evolver,2008-10-27,58,False,284186,72by3Re4C3eVEBXvsUo0zV,https://open.spotify.com/track/72by3Re4C3eVEBXvsUo0zV
Low (feat. T-Pain),Flo Rida,Mail on Sunday,2008-03-17,82,False,231400,0CAfXk7DXMnon4gLudAp7J,https://open.spotify.com/track/0CAfXk7DXMnon4gLudAp7J
Magic,Robin Thicke,Something Else,2008-01-01,47,False,233226,1zy9PC4hGrVtCU7LoMOIqH,https://open.spotify.com/track/1zy9PC4hGrVtCU7LoMOIqH
Love Lockdown,Kanye West,808s & Heartbreak,2008-11-24,63,False,270306,1kxeWHF9PrCVZHvVskv8lg,https://open.spotify.com/track/1kxeWHF9PrCVZHvVskv8lg
Bust Your Windows,Jazmine Sullivan,Fearless,2008-09-23,61,False,266306,56z2qI0gKcPthQF6l8AW3E,https://open.spotify.com/track/56z2qI0gKcPthQF6l8AW3E
Game's Pain,The Game,LAX,2008-01-01,0,True,261773,0jJNh8Ru3n4xLs3ZqHoo5E,https://open.spotify.com/track/0jJNh8Ru3n4xLs3ZqHoo5E
Chopped N Skrewed (feat. Ludacris),T-Pain,THR33 RINGZ,2008-11-11,0,False,261226,79MIzD8vsGu3Xqe07m8aS1,https://open.spotify.com/track/79MIzD8vsGu3Xqe07m8aS1
Moving Mountains,USHER,Here I Stand,2008-05-27,53,False,298053,0Z4DAkZzXkupqCtT7BGU5F,https://open.spotify.com/track/0Z4DAkZzXkupqCtT7BGU5F
Closer,Ne-Yo,Year Of The Gentleman (Bonus Track Edition),2008-01-01,69,False,234360,2XbfY2O2v3xwedUJ0J2kkr,https://open.spotify.com/track/2XbfY2O2v3xwedUJ0J2kkr
Honey,Erykah Badu,New Amerykah Part One (4th World War),2008-02-26,0,False,320973,4QD2lJZA427KI59ywRAmyL,https://open.spotify.com/track/4QD2lJZA427KI59ywRAmyL
In the Ayer (feat. will.I.am),Flo Rida,Mail on Sunday,2008-03-17,58,False,220506,6RpiAj9Ofv0Uqp6n2OuRoh,https://open.spotify.com/track/6RpiAj9Ofv0Uqp6n2OuRoh
Party People,Nelly,Brass Knuckles,2008-09-16,27,False,238573,6vw5VPqpY9K3gjH9hI50hc,https://open.spotify.com/track/6vw5VPqpY9K3gjH9hI50hc
Put It on Ya (feat. Chris J),Plies,Da REAList,2008-12-15,13,False,234426,16c5MbBMgtNePTSaAbVWnO,https://open.spotify.com/track/16c5MbBMgtNePTSaAbVWnO
Trading Places,USHER,Here I Stand,2008-05-27,55,False,268240,5yC7WplXvhIHsp8NBYV5dT,https://open.spotify.com/track/5yC7WplXvhIHsp8NBYV5dT
Just Dance,Lady Gaga,The Fame,2008-01-01,2,False,241933,6HkjpGIOHv4y0IBAxUbE5z,https://open.spotify.com/track/6HkjpGIOHv4y0IBAxUbE5z
Just Like Me (feat. T.I.),Jamie Foxx,Intuition,2008-12-16,20,False,206093,3SAwKEGlCB0XYUThHTMMPl,https://open.spotify.com/track/3SAwKEGlCB0XYUThHTMMPl
Heartless,Kanye West,808s & Heartbreak,2008-11-24,83,False,211000,4EWCNWgDS8707fNSZ1oaA5,https://open.spotify.com/track/4EWCNWgDS8707fNSZ1oaA5
When I Grow Up,The Pussycat Dolls,Doll Domination,2008-01-01,0,False,245680,0dQQWHlXvuw4UyHcAvhfhB,https://open.spotify.com/track/0dQQWHlXvuw4UyHcAvhfhB
I Kissed A Girl,Katy Perry,One Of The Boys,2008-06-17,70,False,179640,005lwxGU1tms6HGELIcUv9,https://open.spotify.com/track/005lwxGU1tms6HGELIcUv9
What You Got,Colby O'Donis,Colby O,2008-01-01,63,False,243013,3MldzywZOH4Uci6bq9noyJ,https://open.spotify.com/track/3MldzywZOH4Uci6bq9noyJ
So What,P!nk,Funhouse,2008-10-27,0,False,215160,33GNzfnEGKGMrbTKV06zSO,https://open.spotify.com/track/33GNzfnEGKGMrbTKV06zSO
Womanizer,Britney Spears,Circus (Deluxe Version),2008-12-02,79,False,224400,4fixebDZAVToLbUCuEloa2,https://open.spotify.com/track/4fixebDZAVToLbUCuEloa2
4 Minutes (feat. Justin Timberlake & Timbaland),Madonna,Celebration (double disc version),2009-09-18,76,False,189693,1oHClQEgDmmbcEx12Kc5nZ,https://open.spotify.com/track/1oHClQEgDmmbcEx12Kc5nZ
So Fly (feat. Yung Joc),Slim,Love's Crazy,2008-11-18,42,False,212453,2wmBKUx62Px6my6U1mYw18,https://open.spotify.com/track/2wmBKUx62Px6my6U1mYw18
Need U Bad,Jazmine Sullivan,Fearless,2008-09-23,54,False,257426,0Ri0LzOMJmqi9HGZE5cRYV,https://open.spotify.com/track/0Ri0LzOMJmqi9HGZE5cRYV
You're the Only One,Eric Benét,Love & Life,2008-09-08,41,False,252853,5O4OZ9xxU3AiE7etY21O0o,https://open.spotify.com/track/5O4OZ9xxU3AiE7etY21O0o
Live Your Life,T.I.,Paper Trail,2008-09-07,50,False,338853,6jKeXDUCImQkNdwKJviCPw,https://open.spotify.com/track/6jKeXDUCImQkNdwKJviCPw
Take You There,Sean Kingston,Sean Kingston,2008-03-11,70,False,236693,6AdLyvisRKHLAwARaZMGr6,https://open.spotify.com/track/6AdLyvisRKHLAwARaZMGr6
There's Nothin (feat. The DEY & Juelz Santana),Sean Kingston,Sean Kingston,2008-03-11,47,False,225653,5w86HjXc60QjhMUAFAeLTf,https://open.spotify.com/track/5w86HjXc60QjhMUAFAeLTf
Me Love,Sean Kingston,Sean Kingston,2008-03-11,60,False,204293,44M8gY48QHhvc6vn5be10N,https://open.spotify.com/track/44M8gY48QHhvc6vn5be10N
Knock You Down,Keri Hilson,In A Perfect World...,2009-01-01,65,True,326186,58FUwmyGUqkt53YPUcm7cJ,https://open.spotify.com/track/58FUwmyGUqkt53YPUcm7cJ
Best I Ever Had,Drake,So Far Gone,2009-01-01,0,False,257760,0fGaSr02YXbdVmcy0PNtfW,https://open.spotify.com/track/0fGaSr02YXbdVmcy0PNtfW
Turnin Me On - Original Clean,Keri Hilson,In A Perfect World...,2009-01-01,47,False,247800,1jEtDqwYCKpR0mlrMrrITx,https://open.spotify.com/track/1jEtDqwYCKpR0mlrMrrITx
Throw It In The Bag,Fabolous,Loso's Way,2009-01-01,59,True,231573,6c0GmyBsE7mQtrVvxJaWc3,https://open.spotify.com/track/6c0GmyBsE7mQtrVvxJaWc3
You're A Jerk - Squeaky Clean Version,New Boyz,Skinny Jeanz and a Mic (Pre-Teen Squeaky Clean),2009-09-15,25,False,189053,1PIhhWkJGnvwaYp3yqaIZn,https://open.spotify.com/track/1PIhhWkJGnvwaYp3yqaIZn
Boom Boom Pow,Black Eyed Peas,THE E.N.D. (THE ENERGY NEVER DIES),2009-01-01,3,True,251440,7xRNsqOQOgWbHV1nbXnfXN,https://open.spotify.com/track/7xRNsqOQOgWbHV1nbXnfXN
Rockin' That Thang - Album Version (Edited),The-Dream,Love Vs Money,2009-01-01,41,False,221933,3oJJ1dQBxiFYGMQSe2SluG,https://open.spotify.com/track/3oJJ1dQBxiFYGMQSe2SluG
Never Ever (feat. Jeezy),Ciara,Fantasy Ride,2009-05-05,44,False,272613,2WhK5VFQ0YRjCzgwbhY86X,https://open.spotify.com/track/2WhK5VFQ0YRjCzgwbhY86X
Break Up (feat. Gucci Mane & Sean Garrett) - Radio Edit,Mario,Break Up (feat. Gucci Mane & Sean Garrett) [Radio Edit],2009-04-23,19,False,250586,6aVRQ6laU8vT6i0WbdngSU,https://open.spotify.com/track/6aVRQ6laU8vT6i0WbdngSU
Imma Star (Everywhere We Are) - Album Version (Edited),Jeremih,Jeremih,2009-01-01,22,False,261372,1UH1UrMCDJX6woNxYVw3Nx,https://open.spotify.com/track/1UH1UrMCDJX6woNxYVw3Nx
Day 'N' Nite (nightmare),Kid Cudi,Man On The Moon: The End Of Day,2009-09-15,65,False,221266,5FEXPoPnzueFJQCPRIrC3c,https://open.spotify.com/track/5FEXPoPnzueFJQCPRIrC3c
Obsessed,Mariah Carey,Memoirs of an imperfect Angel,2009-09-29,71,False,242200,3IcIIZMMS7UArJJPtEHXG8,https://open.spotify.com/track/3IcIIZMMS7UArJJPtEHXG8
Chocolate High,India.Arie,TESTIMONY VOL. 2: LOVE & POLITICS,2009-02-10,32,False,283040,3Gw7Uf3Jvk02EPBmua4SCp,https://open.spotify.com/track/3Gw7Uf3Jvk02EPBmua4SCp
Epiphany (I'm Leaving),Chrisette Michele,Epiphany,2009-01-01,50,False,208600,3oQ5kA2PGJlztciJk3SKA0,https://open.spotify.com/track/3oQ5kA2PGJlztciJk3SKA0
I Need a Girl,Trey Songz,Ready (Deluxe),2009-08-31,54,False,214480,5cU50IAoAFF7qFWOtdbEjr,https://open.spotify.com/track/5cU50IAoAFF7qFWOtdbEjr
Always Strapped,Birdman,Always Strapped,2009-01-01,9,False,208533,1Zu4E7LvgDVIanVS7g16fr,https://open.spotify.com/track/1Zu4E7LvgDVIanVS7g16fr
From My Heart to Yours,Laura Izibor,Let The Truth Be Told,2009-04-10,25,False,229573,041vzIbLf1GtVisR1XNhXz,https://open.spotify.com/track/041vzIbLf1GtVisR1XNhXz
It Kills Me,Melanie Fiona,The Bridge,2009-01-01,52,False,250413,6qU37BgVfPhpb2rhYzZWrF,https://open.spotify.com/track/6qU37BgVfPhpb2rhYzZWrF
Money To Blow - Edited Version,Birdman,Pricele$$,2009-01-01,29,False,258426,7MsQ1oZFH96CF8mYd7F1Ko,https://open.spotify.com/track/7MsQ1oZFH96CF8mYd7F1Ko
Imma Put It on Her (feat. P. Diddy & Yung Joc),DAY26,Forever In A Day,2009-04-10,34,False,264653,20m3aiJZdxy6kzOapoVTyD,https://open.spotify.com/track/20m3aiJZdxy6kzOapoVTyD
I Can Transform Ya (feat. Swizz Beatz & Lil' Wayne),Chris Brown,Graffiti,2009-12-08,0,False,228640,09e0MTo9ej8eWEqmG0vEeT,https://open.spotify.com/track/09e0MTo9ej8eWEqmG0vEeT
Fire Burning,Sean Kingston,Tomorrow,2009-09-07,75,False,239986,2oENJa1T33GJ0w8dC167G4,https://open.spotify.com/track/2oENJa1T33GJ0w8dC167G4
Say Aah (feat. Fabolous),Trey Songz,Ready (Deluxe),2009-08-31,62,False,207546,2fQ6sBFWaLv2Gxos4igHLy,https://open.spotify.com/track/2fQ6sBFWaLv2Gxos4igHLy
Party In The U.S.A.,Miley Cyrus,The Time Of Our Lives,2009-01-01,76,False,202066,5Q0Nhxo0l2bP3pNjpGJwV1,https://open.spotify.com/track/5Q0Nhxo0l2bP3pNjpGJwV1
Deuces (feat. Tyga & Kevin McCall),Chris Brown,F.A.M.E.,2011-03-22,0,False,276560,4h6u3btKihFNVKXKfL6NGE,https://open.spotify.com/track/4h6u3btKihFNVKXKfL6NGE
There Goes My Baby,USHER,Raymond v Raymond (Expanded Edition),2010-03-30,60,False,281293,6IUiqtI8tE49sqGbmtrNd8,https://open.spotify.com/track/6IUiqtI8tE49sqGbmtrNd8
Nothin' on You (feat. Bruno Mars),B.o.B,B.o.B Presents: The Adventures of Bobby Ray,2010-04-27,82,False,268320,59dLtGBS26x7kc0rHbaPrq,https://open.spotify.com/track/59dLtGBS26x7kc0rHbaPrq
Love The Way You Lie,Eminem,Recovery,2010-06-18,50,False,263373,4k5Rb51qsUSMFg6oFdVC48,https://open.spotify.com/track/4k5Rb51qsUSMFg6oFdVC48
Hey Daddy (Daddy's Home) (feat. Plies),USHER,Hey Daddy (Daddy's Home) (feat. Plies),2009-12-08,66,False,256293,1kLYMOFEzQX9PgdKB7VkSL,https://open.spotify.com/track/1kLYMOFEzQX9PgdKB7VkSL
Find Your Love,Drake,Thank Me Later,2010-01-01,66,False,208946,4BycRneKmOs6MhYG9THsuX,https://open.spotify.com/track/4BycRneKmOs6MhYG9THsuX
Can't Be Friends,Trey Songz,"Passion, Pain & Pleasure",2010-09-13,0,False,220373,0H6fDB7YaMZe1rXCmATx9l,https://open.spotify.com/track/0H6fDB7YaMZe1rXCmATx9l
Right Above It - Edited,Lil Wayne,I Am Not A Human Being,2010-01-01,44,False,280666,6OqVLAgypOneSXvhx6AlYh,https://open.spotify.com/track/6OqVLAgypOneSXvhx6AlYh
Holding You Down (Goin' in Circles),Jazmine Sullivan,Love Me Back,2010-11-29,50,False,216960,5UdicZrmNt418AmwNixCJP,https://open.spotify.com/track/5UdicZrmNt418AmwNixCJP
Over,Drake,Thank Me Later,2010-01-01,42,False,233560,1EIEbWAVBiR25KfJCYTxFp,https://open.spotify.com/track/1EIEbWAVBiR25KfJCYTxFp
Bottoms Up (feat. Nicki Minaj),Trey Songz,"Passion, Pain & Pleasure",2010-09-13,3,True,242013,2IpGdrWvIZipmaxo1YRxw5,https://open.spotify.com/track/2IpGdrWvIZipmaxo1YRxw5
Finding My Way Back,Jaheim,Another Round,2010-02-09,53,False,226693,1wCJ3JIsNaJK0MYct4Kmrv,https://open.spotify.com/track/1wCJ3JIsNaJK0MYct4Kmrv
All I Want Is You (feat. J. Cole),Miguel,All I Want Is You,2010-11-26,75,False,295920,5VA4Ispp52EA1sOqzMz3Av,https://open.spotify.com/track/5VA4Ispp52EA1sOqzMz3Av
OMG (feat. will.i.am),USHER,Raymond v Raymond (Expanded Edition),2010-03-30,77,False,269493,1bM50INir8voAkVoKuvEUI,https://open.spotify.com/track/1bM50INir8voAkVoKuvEUI
Champagne Life,Ne-Yo,Libra Scale,2010-01-01,49,False,323933,7p8l7HiPoz90dg423iURKW,https://open.spotify.com/track/7p8l7HiPoz90dg423iURKW
Ain't Leavin Without You,Jaheim,Another Round,2010-02-09,43,False,200613,7nkIQ02m4KItFfDfWrEApi,https://open.spotify.com/track/7nkIQ02m4KItFfDfWrEApi
No Hands (feat. Roscoe Dash and Wale),Waka Flocka Flame,Flockaveli,2010-10-01,54,False,263466,70Wb2xKOAOte8iNkBpezQs,https://open.spotify.com/track/70Wb2xKOAOte8iNkBpezQs
Hold You - Hold Yuh,Gyptian,Hold You,2010-07-16,70,False,234933,0j55p8YRAPG8yajtNyjt6A,https://open.spotify.com/track/0j55p8YRAPG8yajtNyjt6A
Airplanes (feat. Hayley Williams of Paramore),B.o.B,B.o.B Presents: The Adventures of Bobby Ray,2010-04-27,44,False,179800,12rVL9zxkLUrInr6sg8gwX,https://open.spotify.com/track/12rVL9zxkLUrInr6sg8gwX
Hello Good Morning,Diddy - Dirty Money,Last Train To Paris (Deluxe),2010-01-01,22,False,268746,2Jw0wPVpLJPXxkWttsVbzg,https://open.spotify.com/track/2Jw0wPVpLJPXxkWttsVbzg
Not Afraid,Eminem,Recovery,2010-06-18,49,False,248133,2JXlRVBgLHqhfphmjXyVBZ,https://open.spotify.com/track/2JXlRVBgLHqhfphmjXyVBZ
POWER - Album Version (Edited),Kanye West,My Beautiful Dark Twisted Fantasy,2010-01-01,52,False,292093,76mzio0HuYMaCfIDd5EU1w,https://open.spotify.com/track/76mzio0HuYMaCfIDd5EU1w
Speedin' - Edited,Omarion,Ollusion,2010-01-08,9,False,263506,6JbOyv6RZbRzahJrUf6csl,https://open.spotify.com/track/6JbOyv6RZbRzahJrUf6csl
Window Seat,Erykah Badu,New Amerykah Part Two: Return Of The Ankh,2010-03-30,62,False,289720,74HYrIbnpc2xKCTenv5qKM,https://open.spotify.com/track/74HYrIbnpc2xKCTenv5qKM
DJ Got Us Fallin' In Love (feat. Pitbull),USHER,"R&B - 100 Hits - The Greatest R n B album - 100 R & B Classics featuring Usher, Pitbull and Justin Timberlake",2013-06-24,39,False,214280,5qxULZVAM943gPjtMaH5NX,https://open.spotify.com/track/5qxULZVAM943gPjtMaH5NX
Forget You,CeeLo Green,The Lady Killer,2010-11-09,60,False,222733,7AqISujIaWcY3h5zrOqt5v,https://open.spotify.com/track/7AqISujIaWcY3h5zrOqt5v
Roger That - Album Version (Edited),Young Money,We Are Young Money,2009-01-01,22,False,209960,6FdngxzU7RhPLJFKWpcFSN,https://open.spotify.com/track/6FdngxzU7RhPLJFKWpcFSN
Ridin' Solo,Jason Derulo,Jason Derulo,2010-02-24,65,False,215746,6BaxqcoEM9r3LXisTyJjST,https://open.spotify.com/track/6BaxqcoEM9r3LXisTyJjST
Teenage Dream,Katy Perry,Teenage Dream,2010-01-01,75,False,227741,5jzKL4BDMClWqRguW5qZvh,https://open.spotify.com/track/5jzKL4BDMClWqRguW5qZvh
Only Girl (In The World),Rihanna,Loud,2010-11-15,57,False,235520,6jAsmDJI8iPhGWtS27kZ67,https://open.spotify.com/track/6jAsmDJI8iPhGWtS27kZ67
Motivation,Kelly Rowland,Motivation,2011-01-01,62,False,231173,4Cv5dkUBqepa0siwGREihD,https://open.spotify.com/track/4Cv5dkUBqepa0siwGREihD
Ni**as In Paris,JAY-Z,Top Five (Music From And Inspired By The Motion Picture),2014-12-09,50,True,219320,2KpCpk6HjXXLb7nnXoXA5O,https://open.spotify.com/track/2KpCpk6HjXXLb7nnXoXA5O
Look At Me Now (feat. Lil' Wayne & Busta Rhymes),Chris Brown,F.A.M.E.,2011-03-22,0,False,222586,0yjf2c8T4Nvbkw6GwamHPS,https://open.spotify.com/track/0yjf2c8T4Nvbkw6GwamHPS
Marvin & Chardonnay - Album Version (Edited),Big Sean,Finally Famous,2011-01-01,24,False,222866,4rLI7OOj7GzOmo9lFRlHjz,https://open.spotify.com/track/4rLI7OOj7GzOmo9lFRlHjz
So In Love - feat. Anthony Hamilton,Jill Scott,The Light of the Sun,2011-06-21,47,False,275400,78mehkHd1WUDxhcLXkbrLb,https://open.spotify.com/track/78mehkHd1WUDxhcLXkbrLb
Work Out,J. Cole,Cole World: The Sideline Story,2011-09-23,0,False,234773,3bjkBbTezLZjdcEyxvN5Aa,https://open.spotify.com/track/3bjkBbTezLZjdcEyxvN5Aa
Headlines,Drake,Take Care (Deluxe),2011-11-15,0,False,236000,3pVYaDSQ4z0RIrxXQOzbR9,https://open.spotify.com/track/3pVYaDSQ4z0RIrxXQOzbR9
She Ain't You,Chris Brown,F.A.M.E. (Deluxe Version),2011-04-04,0,False,248106,4QczAMpo49owCaNZgtoIvv,https://open.spotify.com/track/4QczAMpo49owCaNZgtoIvv
Hustle Hard - Album Version (Edited),Ace Hood,Blood Sweat & Tears,2011-01-01,23,False,200093,2ITqRsYo7qCqUxwRXbXyB0,https://open.spotify.com/track/2ITqRsYo7qCqUxwRXbXyB0
Black and Yellow,Wiz Khalifa,Rolling Papers,2011-03-29,46,False,217666,3VP78k3jzm0Q5OM08E383k,https://open.spotify.com/track/3VP78k3jzm0Q5OM08E383k
Party (feat. André 3000),Beyoncé,4,2011-06-24,61,False,245480,42qh86p7TLXyumxSHn65kc,https://open.spotify.com/track/42qh86p7TLXyumxSHn65kc
Roll Up,Wiz Khalifa,Rolling Papers,2011-03-29,32,False,227773,7CELQKrSCYpEi9OXWCBDek,https://open.spotify.com/track/7CELQKrSCYpEi9OXWCBDek
Body 2 Body - Album Version (Edited),Ace Hood,Blood Sweat & Tears,2011-01-01,9,False,235306,3bgu5wwwuQgKB18BpJHLF9,https://open.spotify.com/track/3bgu5wwwuQgKB18BpJHLF9
Make Me Proud,Drake,Make Me Proud,2011-01-01,23,False,220053,1SNiZQdHwd1kJrERT1YMst,https://open.spotify.com/track/1SNiZQdHwd1kJrERT1YMst
On My Level (feat. Too $hort),Wiz Khalifa,Rolling Papers,2011-03-29,22,False,272160,2wRHxhmwVGIeiDsGjYifXH,https://open.spotify.com/track/2wRHxhmwVGIeiDsGjYifXH
Can't Get Enough,J. Cole,Cole World: The Sideline Story,2011-09-23,0,False,225960,41akNlHrygkRTyfpIEVQN7,https://open.spotify.com/track/41akNlHrygkRTyfpIEVQN7
Dance (A$$) Remix - Edited Version,Big Sean,Dance (A$$) Remix,2011-01-01,0,False,220466,5j0KFhAhwUmY9Kmej2PLAF,https://open.spotify.com/track/5j0KFhAhwUmY9Kmej2PLAF
5 O'Clock (feat. Lily Allen & Wiz Khalifa),T-Pain,rEVOLVEr,2011-12-06,0,False,281213,6cqw6qtZltOPPDbKEk4WWf,https://open.spotify.com/track/6cqw6qtZltOPPDbKEk4WWf
That Way (feat. Jeremih & Rick Ross),Wale,Ambition,2011-11-01,21,False,269453,1RzOQlgU5v3pOPYlR9QM15,https://open.spotify.com/track/1RzOQlgU5v3pOPYlR9QM15
No BS (feat. Kevin McCall),Chris Brown,F.A.M.E.,2011-03-22,0,False,247933,2aVo8BaIAsLZgNshfpEN5i,https://open.spotify.com/track/2aVo8BaIAsLZgNshfpEN5i
Pieces Of Me,Ledisi,Pieces Of Me,2011-01-01,45,False,202733,6aVJQcBuTixMKRbpZYdohf,https://open.spotify.com/track/6aVJQcBuTixMKRbpZYdohf
Rolling in the Deep,Adele,21,2011-01-19,5,False,228293,1CkvWZme3pRgbzaxZnTl5X,https://open.spotify.com/track/1CkvWZme3pRgbzaxZnTl5X
The Motto,Drake,StreetDance 2,2012-04-02,23,False,181533,1kPrEf0qjfxOLP05kaXgkb,https://open.spotify.com/track/1kPrEf0qjfxOLP05kaXgkb
Do It Like A Dude,Jessie J,Who You Are (Platinum Edition),2011-01-01,15,False,194746,1h6Px81xMqIG6cBpzOk70S,https://open.spotify.com/track/1h6Px81xMqIG6cBpzOk70S
Stay Together,Ledisi,Pieces Of Me,2011-01-01,46,False,236546,0Gs5zsjp7Rp2i41yMgNxCf,https://open.spotify.com/track/0Gs5zsjp7Rp2i41yMgNxCf
Thinkin Bout You,Frank Ocean,channel ORANGE,2012-07-10,83,False,200746,7DfFc7a6Rwfi3YQMRbDMau,https://open.spotify.com/track/7DfFc7a6Rwfi3YQMRbDMau
Adorn,Miguel,Kaleidoscope Dream,2012-09-28,71,False,193146,25cUhiAod71TIQSNicOaW3,https://open.spotify.com/track/25cUhiAod71TIQSNicOaW3
Rack City - Album Version (Edited),Tyga,Careless World: Rise Of The Last King,2012-01-01,0,False,203200,2d5YXKPWsS4eUHUmh5HYjb,https://open.spotify.com/track/2d5YXKPWsS4eUHUmh5HYjb
Girl on Fire,Alicia Keys,Girl on Fire (Remixes) - EP,2012-11-18,76,False,224920,4esOae7i4rqTbAu9o5Pxco,https://open.spotify.com/track/4esOae7i4rqTbAu9o5Pxco
Climax,USHER,Looking 4 Myself (Deluxe Version),2012-06-08,0,False,232906,6cNajGUxKP53LIg0LzlfQt,https://open.spotify.com/track/6cNajGUxKP53LIg0LzlfQt
Put It Down (feat. Chris Brown),Brandy,Put It Down (feat. Chris Brown),2012-05-04,41,False,248600,1TjNQSl1Pc5Cqrn14B4gfL,https://open.spotify.com/track/1TjNQSl1Pc5Cqrn14B4gfL
2 Reasons (feat. T.I.),Trey Songz,Chapter V,2012-08-21,25,False,197640,6pGP8DgSA8XcpvAdRVEErW,https://open.spotify.com/track/6pGP8DgSA8XcpvAdRVEErW
"Work Hard, Play Hard",Wiz Khalifa,"Work Hard, Play Hard",2012-04-23,41,False,220714,62csqLJbdvAKb38rYijV1R,https://open.spotify.com/track/62csqLJbdvAKb38rYijV1R
Diamonds,Rihanna,Unapologetic (Deluxe),2012-12-11,53,False,225146,7Kt59L2ZZGtOnIhvMwzG6f,https://open.spotify.com/track/7Kt59L2ZZGtOnIhvMwzG6f
Beez In The Trap,Nicki Minaj,Pink Friday: Roman Reloaded The Re-Up,2012-01-01,15,False,268493,1SkbxVvIrNfiHbnzVZfL1W,https://open.spotify.com/track/1SkbxVvIrNfiHbnzVZfL1W
Enough Of No Love,Keyshia Cole,Woman To Woman (Deluxe Version),2012-01-01,15,False,229426,22oMSl7STsfb5cSjXcVhhY,https://open.spotify.com/track/22oMSl7STsfb5cSjXcVhhY
Lemme See,USHER,Looking 4 Myself (Deluxe Version),2012-06-08,0,False,252826,0drVeoGy7njENU29Z3lPEy,https://open.spotify.com/track/0drVeoGy7njENU29Z3lPEy
Turn On The Lights,Future,Pluto,2012-04-17,40,False,249253,28p9YVbd3v7b7BeX1PRiG1,https://open.spotify.com/track/28p9YVbd3v7b7BeX1PRiG1
Beautiful Surprise,Tamia,Beautiful Surprise,2012-01-01,28,False,217106,734RoMIPQOcZRuw4Wqe53Z,https://open.spotify.com/track/734RoMIPQOcZRuw4Wqe53Z
Right By My Side,Nicki Minaj,Pink Friday: Roman Reloaded The Re-Up,2012-01-01,17,False,265320,7vdc7THMSq2U7Vwu4glzrz,https://open.spotify.com/track/7vdc7THMSq2U7Vwu4glzrz
Ayy Ladies (feat. Tyga),Travis Porter,Ayy Ladies (feat. Tyga),2012-01-30,36,False,213160,4S7YMreltxQSetnI1yLfOP,https://open.spotify.com/track/4S7YMreltxQSetnI1yLfOP
Same Damn Time,Future,Pluto,2012-04-17,49,False,273000,2krzD9gBw8tI3fmFyCv4sR,https://open.spotify.com/track/2krzD9gBw8tI3fmFyCv4sR
Till I Die (feat. Big Sean & Wiz Khalifa),Chris Brown,Fortune (Expanded Edition),2012-07-03,0,False,236866,62zq4Q2UW89M7GBYaqE37E,https://open.spotify.com/track/62zq4Q2UW89M7GBYaqE37E
Do It Like You (feat. Jeremih),Diggy,Unexpected Arrival,2012-03-19,44,False,233493,3hTfNt05rYtyMamwkxyHaZ,https://open.spotify.com/track/3hTfNt05rYtyMamwkxyHaZ
Thrift Shop (feat. Wanz),Macklemore & Ryan Lewis,The Heist,2012-10-09,52,False,235982,37rKwjBHaZurlyPYy3Nqvz,https://open.spotify.com/track/37rKwjBHaZurlyPYy3Nqvz
Let Me Love You (Until You Learn To Love Yourself),Ne-Yo,R.E.D. (Deluxe Edition),2012-01-01,43,False,251626,1Ejsu5JglwIgrFW7Bt2GuL,https://open.spotify.com/track/1Ejsu5JglwIgrFW7Bt2GuL
Turn Up the Music,Chris Brown,Fortune (Deluxe Version),2012-06-29,3,False,227973,0UlHiqi7seV02XNHLMtfGK,https://open.spotify.com/track/0UlHiqi7seV02XNHLMtfGK
Clique - Album Version (Edited),Kanye West,Kanye West Presents Good Music Cruel Summer,2012-01-01,0,False,293533,5ROhQ2qgmYSjo3m10MQGfI,https://open.spotify.com/track/5ROhQ2qgmYSjo3m10MQGfI
As Long As You Love Me,Justin Bieber,Believe (Deluxe Edition),2012-06-15,67,False,229466,0pwYLVXVknPSGUQb39cePC,https://open.spotify.com/track/0pwYLVXVknPSGUQb39cePC
Starships,Nicki Minaj,Pink Friday: Roman Reloaded The Re-Up,2012-01-01,33,False,210613,2qblnYRaKJO8K5dx39bP68,https://open.spotify.com/track/2qblnYRaKJO8K5dx39bP68
Don't Wake Me Up,Chris Brown,Fortune (Deluxe Version),2012-06-29,0,False,222306,12Ns5IphkblPmHxpRILG9t,https://open.spotify.com/track/12Ns5IphkblPmHxpRILG9t
Stay Schemin,Rick Ross,Stay Schemin,2012-01-01,39,False,267506,0NgkSPHxbvDYIygTf9oftR,https://open.spotify.com/track/0NgkSPHxbvDYIygTf9oftR
Good Feeling,Flo Rida,Wild Ones,2012-06-22,79,False,248133,2LEF1A8DOZ9wRYikWgVlZ8,https://open.spotify.com/track/2LEF1A8DOZ9wRYikWgVlZ8
Pound The Alarm,Nicki Minaj,Pink Friday ... Roman Reloaded,2012-01-01,34,False,205653,7lr0mH8Lt4B07ZIFtLpV9s,https://open.spotify.com/track/7lr0mH8Lt4B07ZIFtLpV9s
Wide Awake,Katy Perry,Teenage Dream: The Complete Confection,2012-03-12,75,False,220946,5JLv62qFIS1DR3zGEcApRt,https://open.spotify.com/track/5JLv62qFIS1DR3zGEcApRt
Sorry,Ciara,Sorry,2012-09-25,42,False,289653,5pKesXZVC43Vcvw1jT7p1f,https://open.spotify.com/track/5pKesXZVC43Vcvw1jT7p1f
Whistle,Flo Rida,Wild Ones,2012-06-22,78,False,224653,3bC1ahPIYt1btJzSSEyyrF,https://open.spotify.com/track/3bC1ahPIYt1btJzSSEyyrF
Strip (feat. Kevin McCall),Chris Brown,Fortune (Expanded Edition),2012-07-03,0,False,167813,4fvbLF7h3sqf1fTJ6cRais,https://open.spotify.com/track/4fvbLF7h3sqf1fTJ6cRais
Blow Me (One Last Kiss),P!nk,The Truth About Love,2012-09-14,0,False,255586,0ald9Hqm3CG03WWHUOgFoo,https://open.spotify.com/track/0ald9Hqm3CG03WWHUOgFoo
So Good,B.o.B,Strange Clouds,2012-04-27,63,False,213253,28GUjBGqZVcAV4PHSYzkj2,https://open.spotify.com/track/28GUjBGqZVcAV4PHSYzkj2
Take A Little Ride,Jason Aldean,Night Train,2012-10-16,0,False,187613,2o5mwv7hvas1jdUg14Nihv,https://open.spotify.com/track/2o5mwv7hvas1jdUg14Nihv
Let's Talk (feat. Rick Ross),Omarion,"MMG Presents: Self Made, Vol. 2 (Deluxe Version)",2012-06-25,1,False,239960,7FbKNYAcEkIh5Qo9tKSuFh,https://open.spotify.com/track/7FbKNYAcEkIh5Qo9tKSuFh
Diced Pineapples - Album Version (Edited),Rick Ross,"God Forgives, I Don't (Deluxe Edition)",2012-01-01,19,False,276200,6BR3i5Czbq8cRqz2exEJ1l,https://open.spotify.com/track/6BR3i5Czbq8cRqz2exEJ1l
Swimming Pools (Drank),Kendrick Lamar,Swimming Pools (Drank),2012-01-01,46,False,248466,7frWizM5FgJkaUl1rXhVtO,https://open.spotify.com/track/7frWizM5FgJkaUl1rXhVtO
Faded - Album Version (Edited),Tyga,Careless World: Rise Of The Last King,2012-01-01,0,False,206666,3N8ZzgtnlGVTTlOEpBk1L2,https://open.spotify.com/track/3N8ZzgtnlGVTTlOEpBk1L2
Put It Down (feat. Chris Brown),Brandy,Two Eleven (Deluxe Version),2012-10-15,53,False,246213,6XDSSxwOntlKPkE6wVzucb,https://open.spotify.com/track/6XDSSxwOntlKPkE6wVzucb
Suit & Tie (feat. JAY Z) (feat. JAY-Z) - [Radio Edit],Justin Timberlake,Suit & Tie (feat. JAY Z) (feat. JAY-Z) [Radio Edit],2013-01-15,56,False,269146,4mQVHEjrnuUd7G5IVhSYTk,https://open.spotify.com/track/4mQVHEjrnuUd7G5IVhSYTk
Body Party,Ciara,Ciara,2013-07-05,64,False,234040,0rFZaQ4crlGAzuCjWCQ2xu,https://open.spotify.com/track/0rFZaQ4crlGAzuCjWCQ2xu
Blurred Lines,Robin Thicke,Blurred Lines (Deluxe),2013-01-01,79,True,263826,0n4bITAu0Y0nigrz3MFJMb,https://open.spotify.com/track/0n4bITAu0Y0nigrz3MFJMb
"Hold On, We're Going Home",Drake,Nothing Was The Same (Deluxe),2013-01-01,1,False,227880,14Rcq31SafFBHNEwXrtR2B,https://open.spotify.com/track/14Rcq31SafFBHNEwXrtR2B
All of Me,John Legend,Love In The Future (Expanded Edition),2013-08-30,85,False,269560,3U4isOIWM3VvDubwSI3y7a,https://open.spotify.com/track/3U4isOIWM3VvDubwSI3y7a
V.S.O.P.,K. Michelle,Rebellious Soul,2013-08-05,49,False,209106,5hZUqVitmzZQcTtpkybSj6,https://open.spotify.com/track/5hZUqVitmzZQcTtpkybSj6
Q.U.E.E.N. (feat. Erykah Badu),Janelle Monáe,The Electric Lady,2013-09-06,44,False,310480,3HW030T8eqPs8wpsgZqCGM,https://open.spotify.com/track/3HW030T8eqPs8wpsgZqCGM
Drunk in Love (feat. JAY-Z),Beyoncé,BEYONCÉ [Platinum Edition],2014-11-24,43,False,323480,5yP6T2IC0ItqdQSxNq9lej,https://open.spotify.com/track/5yP6T2IC0ItqdQSxNq9lej
Happy,Pharrell Williams,Despicable Me 2 (Original Motion Picture Soundtrack),2013-06-18,6,False,233305,6NPVjNh8Jhru9xOmyQigds,https://open.spotify.com/track/6NPVjNh8Jhru9xOmyQigds
Fool for You,Alice Smith,She,2013-03-19,36,False,222456,4H44ahNyyS32ycy4lJyWe1,https://open.spotify.com/track/4H44ahNyyS32ycy4lJyWe1
Pusher Love Girl,Justin Timberlake,The 20/20 Experience,2013-03-15,0,False,482360,4tVEJTR4VgBvvb2R6phA2v,https://open.spotify.com/track/4tVEJTR4VgBvvb2R6phA2v
Popular Song,MIKA,Popular Song,2012-01-01,54,False,200613,0xFomAiFsu5qCnLM0hu0UR,https://open.spotify.com/track/0xFomAiFsu5qCnLM0hu0UR
***Flawless (feat. Chimamanda Ngozi Adichie),Beyoncé,BEYONCÉ [Platinum Edition],2014-11-24,26,False,250960,0duvkSGvP4THdpcG5GnO4l,https://open.spotify.com/track/0duvkSGvP4THdpcG5GnO4l
Come to My Party,Black Joe Lewis,Electric Slave,2013-08-27,0,False,159177,5kUaIz2hPvDgyiLIsIiEmY,https://open.spotify.com/track/5kUaIz2hPvDgyiLIsIiEmY
Without Me (feat. Kelly Rowland & Missy Elliott),Fantasia,Side Effects of You,2013-04-23,24,False,270786,22TbtBhfPhnViXjoglOzCw,https://open.spotify.com/track/22TbtBhfPhnViXjoglOzCw
Wake Me Up,Avicii,True,2013-09-13,10,False,247426,4h8VwCb1MTGoLKueQ1WgbD,https://open.spotify.com/track/4h8VwCb1MTGoLKueQ1WgbD
Roar,Katy Perry,PRISM (Deluxe),2013-10-18,72,False,223546,6F5c58TMEs1byxUstkzVeM,https://open.spotify.com/track/6F5c58TMEs1byxUstkzVeM
Started From the Bottom,Drake,Nothing Was The Same (Deluxe),2013-01-01,0,False,174133,4FCOFuhLZPSXISQCF7wck5,https://open.spotify.com/track/4FCOFuhLZPSXISQCF7wck5
Wiggle (feat. Snoop Dogg),Jason Derulo,Talk Dirty,2013-09-10,55,False,193295,2sLwPnIP3CUVmIuHranJZU,https://open.spotify.com/track/2sLwPnIP3CUVmIuHranJZU
Best Song Ever,One Direction,Midnight Memories (Deluxe),2013-11-25,77,False,200106,5T7ZFtCcOgkpjxcuaeZbw0,https://open.spotify.com/track/5T7ZFtCcOgkpjxcuaeZbw0
Scream & Shout - UK Radio Edit,will.i.am,NOW That's What I Call PARTY ANTHEMS 3,2016-08-05,0,False,251133,04Wi1rcNpKRdIjSt7rtMM5,https://open.spotify.com/track/04Wi1rcNpKRdIjSt7rtMM5
All Me,Drake,Nothing Was The Same (Deluxe),2013-01-01,0,False,268253,2ImkKA3gvJ3MyRMhWO3J5E,https://open.spotify.com/track/2ImkKA3gvJ3MyRMhWO3J5E
Dark Horse,Katy Perry,PRISM (Deluxe),2013-10-18,74,False,215672,5jrdCoLpJSvHHorevXBATy,https://open.spotify.com/track/5jrdCoLpJSvHHorevXBATy
V. 3005,Childish Gambino,Because The Internet,2013-01-01,0,False,234213,4AKktJAaouvJqnPq298DRs,https://open.spotify.com/track/4AKktJAaouvJqnPq298DRs
Can't Hold Us (feat. Ray Dalton),Macklemore,The Heist,2012-10-09,79,False,258342,3bidbhpOYeV4knp8AIu8Xn,https://open.spotify.com/track/3bidbhpOYeV4knp8AIu8Xn
It Won't Stop (feat. Chris Brown) - EP Version,Sevyn Streeter,"Call Me Crazy, But...",2013-12-03,71,False,281080,2xRYnHQdLD9ketvC01UYYT,https://open.spotify.com/track/2xRYnHQdLD9ketvC01UYYT
Can't Raise a Man,K. Michelle,Rebellious Soul,2013-08-05,55,False,208040,0vvKyFjX1hzSwpNtVwnJ2H,https://open.spotify.com/track/0vvKyFjX1hzSwpNtVwnJ2H
Bugatti,Ace Hood,Trials & Tribulations (Deluxe),2013-01-01,0,False,269266,49deIlpmqr2wVEED7J9kN4,https://open.spotify.com/track/49deIlpmqr2wVEED7J9kN4
Do What U Want - Edited,Lady Gaga,ARTPOP,2013-11-12,0,False,227320,4cJpw765qneU0T364tZcHf,https://open.spotify.com/track/4cJpw765qneU0T364tZcHf
TKO - Radio Edit,Justin Timberlake,TKO (Radio Edit),2013-09-20,36,False,288626,4HI18tq5IScHJDkP3dG8Pq,https://open.spotify.com/track/4HI18tq5IScHJDkP3dG8Pq
Crooked Smile (feat. TLC),J. Cole,Born Sinner,2013-06-14,0,False,278573,2DrDVUQFDaDyHrzNgzkB7y,https://open.spotify.com/track/2DrDVUQFDaDyHrzNgzkB7y
23,Mike WiLL Made-It,23,2013-01-01,42,False,252080,4if4AqzRQgEtTF1xXddmoc,https://open.spotify.com/track/4if4AqzRQgEtTF1xXddmoc
Hold Tight,Justin Bieber,Journals,2014-05-13,44,False,254213,0na8x6EOqjHsGABdB90TIC,https://open.spotify.com/track/0na8x6EOqjHsGABdB90TIC
Up Down (Do This All Day) (feat. B.o.B),T-Pain,Up Down (Do This All Day) (feat. B.o.B),2013-08-13,0,False,231626,3iIuYR7cVdePFlEEhYamIY,https://open.spotify.com/track/3iIuYR7cVdePFlEEhYamIY
Take Me to Church,Hozier,Hozier,2014-10-07,59,False,241693,0aOluBqXYd0rFSCsgDyAWX,https://open.spotify.com/track/0aOluBqXYd0rFSCsgDyAWX
Made to Love,John Legend,Love In The Future (Expanded Edition),2013-08-30,44,False,240346,1G2Ya2ubnlS7xFfs1CfY3j,https://open.spotify.com/track/1G2Ya2ubnlS7xFfs1CfY3j
I Luv This Sh*t - Remix,August Alsina,I Luv This Sh*t (Remix),2013-01-01,27,False,266146,5iDuwLNJRN7twouJ0LuFej,https://open.spotify.com/track/5iDuwLNJRN7twouJ0LuFej
New Flame (feat. Usher) - Dave Audé Remix,Chris Brown,New Flame (feat. Usher) [Dave Audé Remix],2014-06-30,25,False,376615,1wKcbKxApSe9cDpzAAm4iN,https://open.spotify.com/track/1wKcbKxApSe9cDpzAAm4iN
Believe Me,Lil Wayne,Believe Me,2014-05-28,37,False,337680,2W2fyQFQxkLXx5YDMZwSt1,https://open.spotify.com/track/2W2fyQFQxkLXx5YDMZwSt1
Fancy,Iggy Azalea,The New Classic (Deluxe Version),2014-01-01,45,False,199938,16uGgkuyTqneR0gbNWohNz,https://open.spotify.com/track/16uGgkuyTqneR0gbNWohNz
Loyal (feat. Lil Wayne & Tyga),Chris Brown,X (Expanded Edition),2014-09-16,0,False,264946,0YJYfvfG4xwn0tAEItoRsE,https://open.spotify.com/track/0YJYfvfG4xwn0tAEItoRsE
Tuesday (feat. Drake),ILOVEMAKONNEN,Tuesday (feat. Drake),2014-09-01,0,False,321987,7E8jojFn5X3OPPuTx6TmPe,https://open.spotify.com/track/7E8jojFn5X3OPPuTx6TmPe
"Touchin, Lovin (feat. Nicki Minaj)",Trey Songz,Trigga,2014-07-01,33,False,221986,799rStkChWWYGLOIVFGFiW,https://open.spotify.com/track/799rStkChWWYGLOIVFGFiW
Come Get It Bae,Pharrell Williams,G I R L,2014-03-03,2,False,201933,444P4wvSDa0SD5HE4YGx9B,https://open.spotify.com/track/444P4wvSDa0SD5HE4YGx9B
Na Na,Trey Songz,Trigga,2014-07-01,65,False,231906,5maiP9UMnTSgoxPX8X3bdz,https://open.spotify.com/track/5maiP9UMnTSgoxPX8X3bdz
"We Dem Boyz Remix (feat. Rick Ross, ScHoolboy Q & Nas)",Wiz Khalifa,"We Dem Boyz Remix (feat. Rick Ross, ScHoolboy Q & Nas)",2014-07-15,6,False,319426,3ElMO8eLbrlzQWDpMuBOM1,https://open.spotify.com/track/3ElMO8eLbrlzQWDpMuBOM1
Stay With Me,Sam Smith,In The Lonely Hour,2014-05-26,81,False,172723,5Nm9ERjJZ5oyfXZTECKmRt,https://open.spotify.com/track/5Nm9ERjJZ5oyfXZTECKmRt
"Move That Dope (feat. Pharrell, Pusha T & Casino)",Future,Honest,2014-04-22,54,True,340480,7GEidxhfGNteiW9n0kLyxH,https://open.spotify.com/track/7GEidxhfGNteiW9n0kLyxH
Pills N Potions,Nicki Minaj,The Pinkprint,2014-12-12,41,False,268000,3V7njWTWIuhRNXJMSDOL8M,https://open.spotify.com/track/3V7njWTWIuhRNXJMSDOL8M
It’s My Time,Kelly Price,It's My Time,2014-02-25,0,False,223747,6CWB5MvrIjkiNDt7ev2Ao6,https://open.spotify.com/track/6CWB5MvrIjkiNDt7ev2Ao6
Get Her Back,Robin Thicke,Paula,2014-07-29,39,False,213173,231O3DltLcwtgIKoNbMkrt,https://open.spotify.com/track/231O3DltLcwtgIKoNbMkrt
You and Your Friends (feat. Snoop Dogg & Ty Dolla $ign),Wiz Khalifa,You and Your Friends (feat. Snoop Dogg & Ty Dolla $ign),2014-07-22,20,False,186653,0YZn9bdLfX7NW1S7t2TCqs,https://open.spotify.com/track/0YZn9bdLfX7NW1S7t2TCqs
It's Your World,Jennifer Hudson,JHUD,2014-09-19,0,False,316973,5nErXmdy7T4NHqpsndJwoi,https://open.spotify.com/track/5nErXmdy7T4NHqpsndJwoi
What's Best for You,Trey Songz,Trigga Reloaded,2015-06-23,32,False,211800,5MnEYPkZ5HC7BQ988kBKqp,https://open.spotify.com/track/5MnEYPkZ5HC7BQ988kBKqp
I Won (feat. Kanye West),Future,Honest,2014-04-22,56,True,239733,2T4JE91t7Js1DJ4rSHltcQ,https://open.spotify.com/track/2T4JE91t7Js1DJ4rSHltcQ
You're Mine (Eternal) - Remix,Mariah Carey,You're Mine (Eternal) [Remix],2014-01-01,29,False,255760,2V3EBbauVyLyc8nU2igZyJ,https://open.spotify.com/track/2V3EBbauVyLyc8nU2igZyJ
Foreign Remix (feat. Justin Bieber),Trey Songz,Trigga Reloaded,2015-06-23,48,True,273640,2rpWXKjsErmTQWSbxjvHH3,https://open.spotify.com/track/2rpWXKjsErmTQWSbxjvHH3
I Blame You,Ledisi,The Truth (Deluxe Edition),2014-01-01,38,False,254506,7KKQIYiCOUQmcGjibsXR4J,https://open.spotify.com/track/7KKQIYiCOUQmcGjibsXR4J
You're My Star,Tank,Stronger,2014-08-08,33,False,304413,0nikSi9EJsUlgxqO6za5wH,https://open.spotify.com/track/0nikSi9EJsUlgxqO6za5wH
Say That (feat. Anthony Hamilton),Leela James,Fall for You,2014-07-08,0,False,227040,4rdc7owIxeteM05hRjMh9r,https://open.spotify.com/track/4rdc7owIxeteM05hRjMh9r
Drunk Texting (feat. Jhené Aiko),Chris Brown,X (Expanded Edition),2014-09-16,0,False,227506,3GxNgN5wGgoFOm3JXJ1QdC,https://open.spotify.com/track/3GxNgN5wGgoFOm3JXJ1QdC
Love & Sex Pt. 2 (feat. Kelly Rowland),Joe,Bridges,2014-06-23,0,False,225658,6cK7uZsecdflSqNfifKjTk,https://open.spotify.com/track/6cK7uZsecdflSqNfifKjTk
I Can't Describe (The Way I Feel),Jennifer Hudson,JHUD,2014-09-19,0,False,227026,4oJ6nOvBTwnyOqW25d2bXa,https://open.spotify.com/track/4oJ6nOvBTwnyOqW25d2bXa
Don't Wanna Dance (feat. A$AP Ferg),Elle Varner,Don't Wanna Dance (feat. A$AP Ferg),2014-07-15,3,False,256597,72l78djxaMzljokRRfNRlM,https://open.spotify.com/track/72l78djxaMzljokRRfNRlM
Detroit Vs. Everybody,Eminem,Detroit Vs. Everybody,2014-11-11,18,False,357386,5aM2vKco88TwvhZVeFkGO6,https://open.spotify.com/track/5aM2vKco88TwvhZVeFkGO6
Kind Of...Sometimes...Maybe,Jessie Ware,Tough Love,2014-08-04,24,False,214107,5YFU3IanweiQ8vWaZEIR42,https://open.spotify.com/track/5YFU3IanweiQ8vWaZEIR42
Fine China,Chris Brown,X (Deluxe Version),2014-09-12,0,False,213280,2OVRPlR4BsnwPY7OiIfCQn,https://open.spotify.com/track/2OVRPlR4BsnwPY7OiIfCQn
Who Booty (Remix) (feat. French Montana),Jonn Hart,Who Booty (Remix) (feat. French Montana) [Clean Version],2012-12-10,30,False,189933,2lONa0SNyCL3I1mxBBziEl,https://open.spotify.com/track/2lONa0SNyCL3I1mxBBziEl
Time of Our Lives - DJ Noodles Remix,Pitbull,NOW That's What I Call PARTY ANTHEMS 3,2016-08-05,0,False,315053,3cnebH2H5PMcdBNFok0VcK,https://open.spotify.com/track/3cnebH2H5PMcdBNFok0VcK
Don't Think They Know,Chris Brown,X (Deluxe Version),2014-09-12,0,False,237973,1lEhGV5EIVEkWqvnUYNcUd,https://open.spotify.com/track/1lEhGV5EIVEkWqvnUYNcUd
Cut Her Off,K CAMP,In Due Time,2014-04-22,21,False,243666,0mKZUckSMMw1XdQDT42Wtc,https://open.spotify.com/track/0mKZUckSMMw1XdQDT42Wtc
I'm Not The Only One,Sam Smith,In The Lonely Hour,2014-05-26,84,False,239316,7795WJLVKJoAyVoOtCWqXN,https://open.spotify.com/track/7795WJLVKJoAyVoOtCWqXN
No Love,August Alsina,No Love (Remix),2014-08-05,32,False,276080,6Z58WT7qNqz1OVSOcRSIlw,https://open.spotify.com/track/6Z58WT7qNqz1OVSOcRSIlw
Let Me Know (feat. Future),Tamar Braxton,Let Me Know (feat. Future),2014-10-07,59,False,238653,7wA4XiTQOWByeF6DGWoxkt,https://open.spotify.com/track/7wA4XiTQOWByeF6DGWoxkt
California Roll (feat. Stevie Wonder),Snoop Dogg,BUSH,2015-05-06,38,False,252186,3wO19rAQ7aya5YFPQ6Ts0A,https://open.spotify.com/track/3wO19rAQ7aya5YFPQ6Ts0A
Can't Feel My Face,The Weeknd,Beauty Behind The Madness,2015-08-28,82,False,213520,22VdIZQfgXJea34mQxlt81,https://open.spotify.com/track/22VdIZQfgXJea34mQxlt81
Sorry,Justin Bieber,Purpose (Deluxe),2015-11-13,85,False,200786,09CtPGIpYB4BrO8qb1RGsF,https://open.spotify.com/track/09CtPGIpYB4BrO8qb1RGsF
See You Again (feat. Charlie Puth),Wiz Khalifa,See You Again (feat. Charlie Puth),2015,82,False,229525,2JzZzZUQj3Qff7wapcbKjc,https://open.spotify.com/track/2JzZzZUQj3Qff7wapcbKjc
Keep It Movin' (feat. Stokley of Mint Condition),Maysa,Back 2 Love,2015-05-26,0,False,258367,27JPthf64dKfSM0qjG19wY,https://open.spotify.com/track/27JPthf64dKfSM0qjG19wY
Dollar Bill,Angie Stone,Dream,2015-11-06,0,False,195211,0TdsXWxtKEFPQwm9SqESDM,https://open.spotify.com/track/0TdsXWxtKEFPQwm9SqESDM
Got What I Need,Antonique Smith,Love Is Everything,2015-11-20,1,False,205308,5NXOXb1p3I1oRDJOCZLYDo,https://open.spotify.com/track/5NXOXb1p3I1oRDJOCZLYDo
Unhappy (feat. Elijah Blake),Jordin Sparks,Right Here Right Now,2015-08-21,13,False,244000,0lp4do5utEIGEUxhkIvQ1J,https://open.spotify.com/track/0lp4do5utEIGEUxhkIvQ1J
No Sleeep (feat. J. Cole),Janet Jackson,Unbreakable,2015-10-02,0,False,260776,2j9bG8ErzwDyAr7QljgBBp,https://open.spotify.com/track/2j9bG8ErzwDyAr7QljgBBp
They Don't Give,Jordin Sparks,They Don't Give,2015-07-31,8,False,228506,05uN4TBvg4QAVC8gOoeDrE,https://open.spotify.com/track/05uN4TBvg4QAVC8gOoeDrE
Fight for Love,Kwabs,Love + War,2016-01-29,12,False,218649,5abs4iTasR0sRZZ0rdRXAn,https://open.spotify.com/track/5abs4iTasR0sRZZ0rdRXAn
In Your Clouds,MNEK,Small Talk - EP,2015-03-20,15,False,298419,5vx016WUYcrXIHZ9h0JxTy,https://open.spotify.com/track/5vx016WUYcrXIHZ9h0JxTy
Want to Want Me,Jason Derulo,Everything Is 4,2015-05-29,78,False,207719,7oGZAicScQt96OAW4AruYy,https://open.spotify.com/track/7oGZAicScQt96OAW4AruYy
Girl (feat. KAYTRANADA) - Radio Edit,The Internet,Girl (feat. KAYTRANADA) [Radio Edit],2015-06-23,37,False,235466,2gvkz0Cxw7OtEh2d5G9uEC,https://open.spotify.com/track/2gvkz0Cxw7OtEh2d5G9uEC
Begin Again (feat. Dave Hollister),Angie Stone,Dream,2015-11-06,0,False,243641,4KjyiQ2IfdjHJi2VrzGw3F,https://open.spotify.com/track/4KjyiQ2IfdjHJi2VrzGw3F
If I Don't Have You,Tamar Braxton,Calling All Lovers (Deluxe),2015-10-02,30,False,254320,64NrwdHmYQjYdHdUVWV7ED,https://open.spotify.com/track/64NrwdHmYQjYdHdUVWV7ED
Backyard Party,R. Kelly,The Buffet (Deluxe Version),2015-12-11,33,False,212640,26MCvTnhr2pbqHcpY3cLpg,https://open.spotify.com/track/26MCvTnhr2pbqHcpY3cLpg
CHA CHA,DRAM,#1EpicEP,2015-03-03,38,False,250107,44Xgp13T5ab99beJ0edP6b,https://open.spotify.com/track/44Xgp13T5ab99beJ0edP6b
You Changed Me (feat. Chris Brown),Jamie Foxx,You Changed Me (feat. Chris Brown),2015-03-13,18,False,242960,6KIwMyAbOoYMXl47BzxcUm,https://open.spotify.com/track/6KIwMyAbOoYMXl47BzxcUm
Forever Don't Last,Jazmine Sullivan,Forever Don't Last,2014-09-16,23,False,220428,1DoBZS4j0K4lRrTFsXwR8g,https://open.spotify.com/track/1DoBZS4j0K4lRrTFsXwR8g
We've Got Love,Babyface,We've Got Love,2015-08-04,24,False,283506,1nonWWVXsoQWWK5PuDQaQ6,https://open.spotify.com/track/1nonWWVXsoQWWK5PuDQaQ6
Love Me Back,Kenny Lattimore,Anatomy Of A Love Song,2015-04-14,0,False,219146,7eH3d8dytkXTJ8oxLcj14R,https://open.spotify.com/track/7eH3d8dytkXTJ8oxLcj14R
Every Moment,Jodeci,"The Past, The Present, The Future",2015-03-30,0,False,246933,4yaakSLK76h4htECWO4a0W,https://open.spotify.com/track/4yaakSLK76h4htECWO4a0W
Let It Burn,Jazmine Sullivan,Reality Show,2015-01-09,28,False,223093,4fUSETqk4cKrV3CeHIBtfa,https://open.spotify.com/track/4fUSETqk4cKrV3CeHIBtfa
Hotline Bling,Drake,Views,2016-05-06,80,False,267066,0wwPcA6wtMf6HUMpIRdeP7,https://open.spotify.com/track/0wwPcA6wtMf6HUMpIRdeP7
Needed Me,Rihanna,ANTI,2016-01-28,0,False,191600,2252EIwkFG7Jobs6bW6SVd,https://open.spotify.com/track/2252EIwkFG7Jobs6bW6SVd
Gangsta,Kehlani,Suicide Squad: The Album,2016-08-05,47,False,177320,0zlTUsS88Y3Ck7WsyEepAi,https://open.spotify.com/track/0zlTUsS88Y3Ck7WsyEepAi
Black Beatles,Rae Sremmurd,SremmLife 2 (Deluxe),2016-08-12,49,False,291866,3JlP8EkTyPiWDRbka7CtP6,https://open.spotify.com/track/3JlP8EkTyPiWDRbka7CtP6
Redbone,Childish Gambino,"NOW That's What I Call Music, Vol. 64",2017-11-03,0,False,206120,0LS7HtDi9cvtXkfFs6xSMG,https://open.spotify.com/track/0LS7HtDi9cvtXkfFs6xSMG
Work,Rihanna,ANTI,2016-01-28,0,False,219320,4aRD0bzvsBD0MAB4LcsRSM,https://open.spotify.com/track/4aRD0bzvsBD0MAB4LcsRSM
No Limit,USHER,Hard II Love,2016-09-16,0,False,228613,0zQ1AjyLQnfW4bjKGsVZ05,https://open.spotify.com/track/0zQ1AjyLQnfW4bjKGsVZ05
LUV,Tory Lanez,I Told You,2016-08-19,40,False,228640,2y7DRJh7SRp5FCTfW7IDHc,https://open.spotify.com/track/2y7DRJh7SRp5FCTfW7IDHc
Finesse,Bruno Mars,24K Magic,2016-11-17,73,False,191000,5XMkENs3GfeRza8MfVAhjK,https://open.spotify.com/track/5XMkENs3GfeRza8MfVAhjK
Controlla,Drake,Views,2016-05-13,0,False,245226,1yRWMNlKpteD6iwCsDxDET,https://open.spotify.com/track/1yRWMNlKpteD6iwCsDxDET
Blended Family (What You Do For Love),Alicia Keys,HERE,2016-11-04,24,False,211546,5urU79wSXrxVUhQAYYNWnF,https://open.spotify.com/track/5urU79wSXrxVUhQAYYNWnF
No Time For It,Fantasia,No Time For It,2016-01-07,22,False,195995,5vkuTOz766GVcp0hFfYB6p,https://open.spotify.com/track/5vkuTOz766GVcp0hFfYB6p
Too Good,Drake,Views,2016-05-13,0,False,263360,7pLKOFiBwkX8JLawV0W8r0,https://open.spotify.com/track/7pLKOFiBwkX8JLawV0W8r0
Panda,Desiigner,Panda,2016-02-26,51,False,226520,6r2jK1A6oFRPREZfxjc5d1,https://open.spotify.com/track/6r2jK1A6oFRPREZfxjc5d1
Cranes in the Sky,Solange,A Seat at the Table,2016-09-30,64,False,250973,48EjSdYh8wz2gBxxqzrsLe,https://open.spotify.com/track/48EjSdYh8wz2gBxxqzrsLe
Am I Wrong (feat. ScHoolboy Q),Anderson .Paak,Malibu,2016-01-15,30,False,256695,2kDL9xAqKwvbLvB0SzPOQL,https://open.spotify.com/track/2kDL9xAqKwvbLvB0SzPOQL
Turnin' Me Up,BJ The Chicago Kid,In My Mind,2016-02-19,52,False,269173,5MjAFPcmrR1DYCgZrXCN4d,https://open.spotify.com/track/5MjAFPcmrR1DYCgZrXCN4d
Low Life (feat. The Weeknd),Future,EVOL,2016-04-13,41,False,312920,6qjlcNvLc0kEO2LVvkYx0u,https://open.spotify.com/track/6qjlcNvLc0kEO2LVvkYx0u
Sucker for Pain (with Logic & Ty Dolla $ign feat. X Ambassadors),Lil Wayne,Suicide Squad: The Album,2016-08-05,39,False,243490,3RpufFBpn0bfpG1IhK0cUw,https://open.spotify.com/track/3RpufFBpn0bfpG1IhK0cUw
24K Magic,Bruno Mars,24K Magic,2016-11-17,82,False,225983,6b8Be6ljOzmkOmFslEb23P,https://open.spotify.com/track/6b8Be6ljOzmkOmFslEb23P
Company,Tinashe,Company,2016-09-16,16,False,220021,1abw6hkfXvXBrmxCRpUE4F,https://open.spotify.com/track/1abw6hkfXvXBrmxCRpUE4F
Come Down,Anderson .Paak,Malibu,2016-01-15,34,False,169726,7qsF31mlCOvFDDZpEiS0Sk,https://open.spotify.com/track/7qsF31mlCOvFDDZpEiS0Sk
I Feel It Coming,The Weeknd,Starboy,2016-11-25,77,False,269186,3dhjNA0jGA8vHBQ1VdD6vV,https://open.spotify.com/track/3dhjNA0jGA8vHBQ1VdD6vV
Good Kisser,USHER,Good Kisser,2014-05-05,28,False,249626,5UNH0XM5BcWpfYCaTlo9Zx,https://open.spotify.com/track/5UNH0XM5BcWpfYCaTlo9Zx
Ride Of Your Life,Tinashe,Ride Of Your Life,2016-03-09,6,False,213828,5nDNLF7v56bHdG7ySaPmwk,https://open.spotify.com/track/5nDNLF7v56bHdG7ySaPmwk
All My Friends (feat. Tinashe & Chance the Rapper) - Wave Racer Remix,Snakehips,All My Friends (The Remixes) (feat. Tinashe & Chance the Rapper),2016-04-01,33,False,213946,6XInw1uowvKHrJZaiFd8sY,https://open.spotify.com/track/6XInw1uowvKHrJZaiFd8sY
That's What I Like,Bruno Mars,24K Magic,2016-11-17,86,False,206693,0KKkJNfGyhkQ5aFogxQAPU,https://open.spotify.com/track/0KKkJNfGyhkQ5aFogxQAPU
Uber Everywhere,MadeinTYO,Uber Everywhere,2016-02-26,0,False,153428,5W6YElZRGLAxG92QyRsIW1,https://open.spotify.com/track/5W6YElZRGLAxG92QyRsIW1
Boo'd Up,Ella Mai,READY,2017-02-22,68,False,256063,0At2qAoaVjIwWNAqrscXli,https://open.spotify.com/track/0At2qAoaVjIwWNAqrscXli
The Weekend - Funk Wav Remix,SZA,The Weekend (Funk Wav Remix),2017-12-15,70,False,171805,0P6AWOA4LG1XOctzaVu5tt,https://open.spotify.com/track/0P6AWOA4LG1XOctzaVu5tt
Wild Thoughts (feat. Rihanna & Bryson Tiller),DJ Khaled,Grateful,2017-06-20,47,False,204169,7AZiZMup0bLK5f4A2jRMpP,https://open.spotify.com/track/7AZiZMup0bLK5f4A2jRMpP
Privacy,Chris Brown,Privacy,2017-03-24,0,False,220963,64gf3sZnCF9SQfjkU3V5ws,https://open.spotify.com/track/64gf3sZnCF9SQfjkU3V5ws
Young Dumb & Broke,Khalid,American Teen,2017-04-27,81,False,202546,5Z3GHaZ6ec9bsiI5BenrbY,https://open.spotify.com/track/5Z3GHaZ6ec9bsiI5BenrbY
Sky Walker (feat. Travis Scott),Miguel,War & Leisure,2017-12-01,46,False,259333,7hT7wKc2gYxx27OSd7i1py,https://open.spotify.com/track/7hT7wKc2gYxx27OSd7i1py
Sativa,Jhené Aiko,Sativa feat. Rae Sremmurd,2018-01-21,29,False,239706,7kHE4NG6OQ8D9UrXojQG2L,https://open.spotify.com/track/7kHE4NG6OQ8D9UrXojQG2L
Mask Off,Future,FUTURE,2017-06-29,48,False,204440,1ua3sHd7ojyTKzQNqQdSU4,https://open.spotify.com/track/1ua3sHd7ojyTKzQNqQdSU4
Nobody Else but You,Trey Songz,Tremaine the Album,2017-03-24,55,False,229013,1HOUzEsetdIPSpAgRPhZQt,https://open.spotify.com/track/1HOUzEsetdIPSpAgRPhZQt
do re mi,blackbear,digital druglord,2017-04-21,1,True,212027,3Q3myFA7q4Op95DOpHplaY,https://open.spotify.com/track/3Q3myFA7q4Op95DOpHplaY
"Pills & Automobiles (feat. Yo Gotti, A Boogie Wit Da Hoodie & Kodak Black)",Chris Brown,"Pills & Automobiles (feat. Yo Gotti, A Boogie Wit Da Hoodie & Kodak Black)",2017-08-04,0,False,292910,2OQSD7t1eyqlccHhf7fu03,https://open.spotify.com/track/2OQSD7t1eyqlccHhf7fu03
Come Through and Chill (feat. J. Cole & Salaam Remi),Miguel,War & Leisure,2017-12-01,30,False,322000,6gyHEiz9uGl3yhN94hysHD,https://open.spotify.com/track/6gyHEiz9uGl3yhN94hysHD
Party (feat. Usher & Gucci Mane),Chris Brown,Party (feat. Usher & Gucci Mane),2016-12-15,0,False,220813,0g5ozYi9T0yJEl2cjrrXdb,https://open.spotify.com/track/0g5ozYi9T0yJEl2cjrrXdb
Location,Khalid,American Teen,2017-04-27,77,False,219080,152lZdxL1OR0ZMW6KquMif,https://open.spotify.com/track/152lZdxL1OR0ZMW6KquMif
Gave Your Love Away,Majid Jordan,The Space Between,2017-10-27,0,False,285160,3V35bKSSm4usoSPjdaRGMx,https://open.spotify.com/track/3V35bKSSm4usoSPjdaRGMx
Questions,Chris Brown,Questions,2017-08-16,0,False,129477,5XQMr19TL7Mfksq9zihbOu,https://open.spotify.com/track/5XQMr19TL7Mfksq9zihbOu
Way Back,TLC,Way Back,2017-04-14,19,True,227272,3gEWHd096VJ2OX8J5Tydq1,https://open.spotify.com/track/3gEWHd096VJ2OX8J5Tydq1
Run Me Dry,Bryson Tiller,True to Self,2017-05-26,36,False,169253,4WnNkrP4v1kBuOILHuE7NI,https://open.spotify.com/track/4WnNkrP4v1kBuOILHuE7NI
Long Song Away,Kevin Ross,The Awakening,2017-03-24,0,False,272076,4EpbFlnnetPPtuqgQpE8WG,https://open.spotify.com/track/4EpbFlnnetPPtuqgQpE8WG
No Frauds,Nicki Minaj,No Frauds,2017-03-10,26,False,272453,2FBb2woQwTWMjs7Z5XGWvY,https://open.spotify.com/track/2FBb2woQwTWMjs7Z5XGWvY
Show You the Way,Thundercat,Drunk,2017-02-24,0,False,214554,3KQvcYqWgMnG6MCg1aeXif,https://open.spotify.com/track/3KQvcYqWgMnG6MCg1aeXif
Shape of You,Ed Sheeran,÷ (Deluxe),2017-03-03,88,False,233712,7qiZfU4dY1lWllzX7mPBI3,https://open.spotify.com/track/7qiZfU4dY1lWllzX7mPBI3
I Think Of You,Jeremih,I Think Of You,2017-02-03,13,False,217786,73pl1Ue8ON7QWLbe6SApr7,https://open.spotify.com/track/73pl1Ue8ON7QWLbe6SApr7
Blood on Me,Sampha,Process,2017-02-03,0,False,246951,37el170lJYr5CiWJFk207u,https://open.spotify.com/track/37el170lJYr5CiWJFk207u
Before I Do,Sevyn Streeter,Before I Do,2016-12-02,36,False,236946,5d4l67BejhQZ9uQtTCfYfL,https://open.spotify.com/track/5d4l67BejhQZ9uQtTCfYfL
Jenga (feat. Gaeko),Heize,Wish & Wind,2018-03-08,43,False,210158,1dA1tlzwcJ3YDYsSul1m06,https://open.spotify.com/track/1dA1tlzwcJ3YDYsSul1m06
Signs,Snoop Dogg,R&G (Rhythm & Gangsta): The Masterpiece,2004-01-01,37,False,236373,1qEa4lfsQQvRkKyEnu7TAf,https://open.spotify.com/track/1qEa4lfsQQvRkKyEnu7TAf
Just A Baby Boy - Radio Edit,Tyrese,2000 Watts,2001-10-29,39,False,238000,6CMr41ezXYJT0nTfT9trMh,https://open.spotify.com/track/6CMr41ezXYJT0nTfT9trMh
Make It Clap (remix) - Remix,"Busta Rhymes, Spliff Starr Feat. Sean Paul",Reggae Gold 2003,2003-06-17,0,False,242920,6lHE5n1fHxAiBsTGA6d8Wn,https://open.spotify.com/track/6lHE5n1fHxAiBsTGA6d8Wn
Something Else,Marques Houston,Naked,2005-05-05,0,False,188466,7KgfzFLD2djQ9WobTWydxT,https://open.spotify.com/track/7KgfzFLD2djQ9WobTWydxT
Rockabye (feat. Sean Paul & Anne-Marie),Clean Bandit,Rockabye (feat. Sean Paul & Anne-Marie),2016-10-21,72,False,251088,5knuzwU65gJK7IF5yJsuaW,https://open.spotify.com/track/5knuzwU65gJK7IF5yJsuaW
pick up the phone,Young Thug,pick up the phone,2016-06-03,36,False,252262,1mHTmGzh75crFRfAWmKwLs,https://open.spotify.com/track/1mHTmGzh75crFRfAWmKwLs
Old Town Road (feat. Billy Ray Cyrus) - Remix,Lil Nas X,Old Town Road,2019-04-05,3,False,157066,6u7jPi22kF8CTQ3rb9DHE7,https://open.spotify.com/track/6u7jPi22kF8CTQ3rb9DHE7
Bailando - English Version,Enrique Iglesias,SEX AND LOVE,2014-05-06,50,False,243240,1yM7GIEJ2QniupkEHOyp0a,https://open.spotify.com/track/1yM7GIEJ2QniupkEHOyp0a
Bailando - Spanish Version,Enrique Iglesias,SEX AND LOVE (Deluxe),2014-03-17,57,False,243413,32lm3769IRfcnrQV11LO4E,https://open.spotify.com/track/32lm3769IRfcnrQV11LO4E
Love King,The-Dream,Love King,2010-01-01,23,True,251826,1cVwYjlZ0xkMOINhlguz2y,https://open.spotify.com/track/1cVwYjlZ0xkMOINhlguz2y
Hush,LL COOL J,THE DEFinition,2004-08-31,47,False,214560,0CCDW5SLBppFbtfe2bKwfX,https://open.spotify.com/track/0CCDW5SLBppFbtfe2bKwfX
I Wish,R. Kelly,TP-2.com,2000-11-07,47,False,334000,7sOqd1dVmfU5mgqrUtlqc5,https://open.spotify.com/track/7sOqd1dVmfU5mgqrUtlqc5
I Can,Nas,God's Son,2002-12-13,59,False,253720,2NPxL1QqPrD1a7OLHjVcAP,https://open.spotify.com/track/2NPxL1QqPrD1a7OLHjVcAP
Letting Go (Dutty Love) featuring Nicki Minaj (feat. Nicki Minaj),Sean Kingston,Letting Go (Dutty Love) featuring Nicki Minaj (feat. Nicki Minaj),2010-07-23,60,False,230600,0wDbYIl4fN2mccHczCJqEf,https://open.spotify.com/track/0wDbYIl4fN2mccHczCJqEf
Intro By DJ Felli Fel,Timbaland,Shock Value II,2009-01-01,28,False,48853,5yTOjULCOYraTvmm4lVH8j,https://open.spotify.com/track/5yTOjULCOYraTvmm4lVH8j
Carry Out (Featuring Justin Timberlake),Timbaland,Shock Value II,2009-01-01,71,False,232466,2DHc2e5bBn4UzY0ENVFrUl,https://open.spotify.com/track/2DHc2e5bBn4UzY0ENVFrUl
Lose Control (Featuring JoJo),Timbaland,Shock Value II,2009-01-01,45,False,267800,2nIfbCNzrRmUlMaEwLe9Ua,https://open.spotify.com/track/2nIfbCNzrRmUlMaEwLe9Ua
Meet In Tha Middle (Featuring Bran' Nu),Timbaland,Shock Value II,2009-01-01,39,False,240866,03omQ9bjayQ8qsezRhlJVM,https://open.spotify.com/track/03omQ9bjayQ8qsezRhlJVM
Say Something (Featuring Drake),Timbaland,Shock Value II,2009-01-01,62,True,240920,7qje9qxLncMESiPeI27SAn,https://open.spotify.com/track/7qje9qxLncMESiPeI27SAn
Tomorrow In The Bottle (Featuring Chad Kroeger & Sebastian),Timbaland,Shock Value II,2009-01-01,38,True,327826,7vqG2ll4T01lH53YJ9wNSF,https://open.spotify.com/track/7vqG2ll4T01lH53YJ9wNSF
We Belong To The Music (Featuring Miley Cyrus),Timbaland,Shock Value II,2009-01-01,36,False,267400,1U3V9nnehWUjHFZVYNZ34s,https://open.spotify.com/track/1U3V9nnehWUjHFZVYNZ34s
Morning After Dark (Featuring Nelly Furtado & SoShy),Timbaland,Shock Value II,2009-01-01,63,False,231960,6mmtxbG5pzkrJ0BrSdg9uW,https://open.spotify.com/track/6mmtxbG5pzkrJ0BrSdg9uW
If We Ever Meet Again (Featuring Katy Perry),Timbaland,Shock Value II,2009-01-01,68,False,292706,360UM2DaiHZPRu0EsrOvMp,https://open.spotify.com/track/360UM2DaiHZPRu0EsrOvMp
Can You Feel It (Featuring Esthero & Sebastian),Timbaland,Shock Value II,2009-01-01,31,False,284133,7MEqDZvhRnEJsueCmEVN1c,https://open.spotify.com/track/7MEqDZvhRnEJsueCmEVN1c
Ease Off The Liquor,Timbaland,Shock Value II,2009-01-01,36,False,358373,0Bwhx3su6Gn5Va0Ax5zaxu,https://open.spotify.com/track/0Bwhx3su6Gn5Va0Ax5zaxu
Undertow (Featuring The Fray & Esthero),Timbaland,Shock Value II,2009-01-01,35,False,261533,3gVDntrSjxw2GzBma5M9nG,https://open.spotify.com/track/3gVDntrSjxw2GzBma5M9nG
Timothy Where You Been (Featuring Jet),Timbaland,Shock Value II,2009-01-01,29,False,290173,6VATz4iDAeE0SjLrZvNwN3,https://open.spotify.com/track/6VATz4iDAeE0SjLrZvNwN3
Drug Dealers Anonymous,Pusha T,Drug Dealers Anonymous,2016-06-23,51,True,253786,1b6rmL3VXBgYTbn61kM8wT,https://open.spotify.com/track/1b6rmL3VXBgYTbn61kM8wT
Baby Sitter (feat. Offset),DaBaby,Baby On Baby,2019-03-01,56,True,157693,7f1zjZG77S891Uv4O68yfk,https://open.spotify.com/track/7f1zjZG77S891Uv4O68yfk
Talk (feat. Disclosure),Khalid,Free Spirit,2019-04-05,72,False,197573,6TqXcAFInzjp0bODyvrWEq,https://open.spotify.com/track/6TqXcAFInzjp0bODyvrWEq
No Guidance (feat. Drake),Chris Brown,Indigo,2019-06-28,80,True,260640,6XHVuErjQ4XNm6nDPVCxVX,https://open.spotify.com/track/6XHVuErjQ4XNm6nDPVCxVX
Go Loko,YG,Go Loko,2019-05-03,0,True,299226,3SZqA7rQvROJsCbUu2v0xa,https://open.spotify.com/track/3SZqA7rQvROJsCbUu2v0xa
Please Me,Cardi B,Please Me,2019-02-15,79,True,200889,0PG9fbaaHFHfre2gUVo7AN,https://open.spotify.com/track/0PG9fbaaHFHfre2gUVo7AN
Don't Waste My Time (feat. Ella Mai),USHER,Don't Waste My Time (feat. Ella Mai),2019-12-13,53,False,199720,3Ey11v2aiX14s4wBaYbhlp,https://open.spotify.com/track/3Ey11v2aiX14s4wBaYbhlp
None Of Your Concern (feat. Big Sean),Jhené Aiko,Chilombo,2020-03-06,59,True,259385,75MSZRbAbQuzfUV3Pefvut,https://open.spotify.com/track/75MSZRbAbQuzfUV3Pefvut
Power is Power (feat. The Weeknd & Travis Scott),SZA,For The Throne (Music Inspired by the HBO Series Game of Thrones),2019-04-26,60,False,211266,4cbdPT6uaBOgOQe3fLMofl,https://open.spotify.com/track/4cbdPT6uaBOgOQe3fLMofl
MEGATRON,Nicki Minaj,MEGATRON,2019-06-21,56,True,190746,1ZDmxwg7Lywlx68b7SsJjj,https://open.spotify.com/track/1ZDmxwg7Lywlx68b7SsJjj
Chi Chi (feat. Chris Brown),Trey Songz,Chi Chi (feat. Chris Brown),2019-02-04,51,True,139567,0UvBmQOhu4DVXJtdzGc5eV,https://open.spotify.com/track/0UvBmQOhu4DVXJtdzGc5eV
King James,Anderson .Paak,Ventura,2019-04-12,46,True,197963,5ri4b7YQp2PWn8tl3MRYgE,https://open.spotify.com/track/5ri4b7YQp2PWn8tl3MRYgE
Move Bitch,Ludacris,Word Of Mouf,2001-01-01,63,True,270866,1Q9b6CeMcDuO0uq5OJCrqu,https://open.spotify.com/track/1Q9b6CeMcDuO0uq5OJCrqu
Ride wit U (feat. G-Unit),Joe,Greatest Hits,2008-10-14,40,False,251880,28DDh8OK8Ls6dWEwz1Tm1A,https://open.spotify.com/track/28DDh8OK8Ls6dWEwz1Tm1A
The Boy Is Mine,Brandy,Never Say Never,1998-05-29,75,False,294786,6sHsXIJoEN5JpdkGMQDJxt,https://open.spotify.com/track/6sHsXIJoEN5JpdkGMQDJxt
Black and Yellow,Wiz Khalifa,Rolling Papers,2011-03-29,76,True,217666,5A6OHHy73AR5tLxgTc98zz,https://open.spotify.com/track/5A6OHHy73AR5tLxgTc98zz
Used to Love U,John Legend,Get Lifted,2005-12-06,51,False,210866,051NZ3rr3HXTULCEySJRX3,https://open.spotify.com/track/051NZ3rr3HXTULCEySJRX3
Deuces (feat. Tyga & Kevin McCall),Chris Brown,F.A.M.E. (Expanded Edition),2011-03-22,74,True,276560,6wN4nT2qy3MQc098yL3Eu9,https://open.spotify.com/track/6wN4nT2qy3MQc098yL3Eu9
You Make Me Wanna...,USHER,My Way,1997-09-16,70,False,219120,47TqCCnEliDp8NRDyIQoQq,https://open.spotify.com/track/47TqCCnEliDp8NRDyIQoQq
Loyal (feat. Lil Wayne & Tyga),Chris Brown,X (Expanded Edition),2014-09-16,78,True,264946,5BrTUo0xP1wKXLJWUaGFtk,https://open.spotify.com/track/5BrTUo0xP1wKXLJWUaGFtk
